Word,Frequency
আছে।,9264
একজন,8775
একটি,6006
পুরুষ,4564
মানুষ,4091
দাড়িয়ে,3489
বসে,3379
ও,2350
দিয়ে,2223
জন,2201
নিয়ে,2164
যাচ্ছে।,2043
ছেলে,1815
নারী,1796
কয়েকজন,1779
শিশু,1720
আছে,1710
এবং,1539
দুইজন,1312
মেয়ে,1285
লোক,1282
কিছু,1268
একটা,1264
অনেকগুলো,1246
মহিলা,1170
পাশে,1129
করছে।,1124
২,1074
দেখা,1073
হাতে,999
ছোট,992
পরা,961
পিছনে,875
নৌকা,848
হেঁটে,839
বাচ্চা,808
দাঁড়িয়ে,781
উপর,777
পরে,744
পানিতে,735
সামনে,724
ধরে,719
নৌকায়,704
আর,674
তাকিয়ে,649
যার,647
রাস্তা,642
তিনজন,638
১,589
মাথায়,588
কাজ,558
হেটে,547
মাঝে,540
উপরে,534
অনেক,511
যাচ্ছে,459
দুইটি,444
টি,443
একসাথে,442
হাত,442
৩,438
তার,432
করে,408
আছেন।,385
পাড়ে,381
কয়েকটি,350
করছে,345
আছেন,344
শাড়ি,343
পাশাপাশি,336
দূরে,334
নদীতে,327
আসছে।,324
বালক,323
চারজন,314
এর,309
মানুষ।,304
দিচ্ছে।,300
পরিহিত,298
সাদা,295
শার্ট,289
ছবি,289
গাছের,284
সমুদ্রের,279
লাল,278
নদীর,278
থেকে,276
রাস্তার,275
৪,268
শুয়ে,265
পুরুষ।,252
চালিয়ে,245
গাছ,243
রাস্তায়,238
কোলে,238
জামা,227
মুখে,227
সাইকেল,227
চেয়ে,226
কাপড়,226
যাদের,223
পানি,223
বয়স্ক,221
গরু,220
কালো,219
নিচে,219
ধান,211
।,210
ফুল,210
টুপি,209
মাছ,209
সবুজ,205
নৌকার,202
ছাতা,198
বৃদ্ধ,198
প্যান্ট,185
পানির,183
ছেলে।,183
তুলছে।,183
বুড়ো,179
দারিয়ে,178
মাটির,178
বড়,177
মানুষের,175
মধ্যে,172
জাল,171
করছেন।,170
গায়ে,169
গাড়ি,169
খালি,161
চালাচ্ছে।,160
হয়ে,159
পাখি,159
তাদের,158
ক্ষেতের,158
গেঞ্জি,155
যাচ্ছেন,153
বালিকা,150
তিনটি,148
বই,147
বাচ্চাকে,143
কথা,142
মিলে,142
হলুদ,141
লাফ,138
যায়।,138
দেখছে।,138
পারে,137
চশমা,137
পাঁচজন,137
দিকে,136
গোসল,136
খেলছে।,133
ব্যাগ,130
ঘরের,129
আরেকজন,128
রিক্সা,128
এ,126
জমির,124
দোকানে,123
ক্যামেরা,123
৫,122
পাড়,122
পাশ,121
খাচ্ছে।,121
তুলে,120
মহিলা।,117
মঞ্চে,116
নীল,114
জানালা,112
রঙের,111
করছেন,111
কাঁধে,109
ট্রেন,108
সাথে,108
দুইটা,108
হাসছে।,106
শারি,105
মুখ,105
জলাশয়ের,104
খাবার,104
সময়,104
পড়ছে।,103
দিচ্ছে,102
মেয়ে।,102
ভিতর,100
সরিষা,100
লুঙ্গী,99
পতাকা,99
লাইন,97
ক্ষেতে,96
নদী,96
কতগুলো,95
জলাশয়,94
হাসি,93
চুল,91
মাঠে,91
শরীরে,91
চলছে।,91
ধানের,89
সূর্য,89
বলছে।,88
লুঙ্গি,87
যাচ্ছেন।,87
রেল,86
চা,86
বস্তা,85
ঝুড়ি,85
রং,84
জলাশয়ে,84
ভবন,84
ফুলের,83
সমুদ্র,83
দেয়ালে,82
দেয়ালের,82
রেখে,82
যাতে,81
পাহাড়,81
ছেলেমেয়ে,81
রঙ,81
সেতুর,80
জমিতে,80
আসছেন,80
জায়গায়,79
গামছা,79
বাচ্চা।,79
ইট,78
গান,78
হাঁসি,78
মাটিতে,77
পা,77
গুলো,77
গ্রামের,77
কুকুর,77
আসছে,76
এটি,76
মেখে,75
দুই,73
কয়েকটা,73
সূর্যাস্তের,73
মাঝি,71
ধরছে।,71
বৃষ্টিতে,70
শার্ট,,69
আকাশে,69
গোল,69
বেধে,69
পার,68
মাঝ,68
ব্যানার,68
স্কুল,67
উড়ছে।,67
খেলা,67
ফসলের,66
তুলছে,65
দুপাশে,65
পুলিশ,65
ভেতর,65
কাধে,64
মাথা,63
মাঠের,63
মাথার,63
বোঝা,62
পাঞ্জাবী,62
নেমে,62
ছয়জন,62
আরও,61
পোস্টার,61
পাহাড়ের,61
পুরুষ,,60
ছাগল,60
চোখে,60
হাফ,59
রাখা,59
বের,59
পাঞ্জাবি,59
৬,58
কুলে,58
মোবাইল,58
বেলুন,58
পড়ে,58
যায়,57
গাড়ির,57
বৃষ্টির,57
করা,57
চারপাশে,56
রাতের,56
দিয়েছে।,56
থাকা,56
সেজে,56
টিশার্ট,56
চারটি,55
ভ্যান,55
মিছিল,54
বিক্রি,53
আলো,53
বৈঠা,53
হচ্ছে।,53
গাছে,53
ভিতরে,53
ট্রেনের,53
গলায়,52
এক,51
নামাজ,51
দিয়ে।,51
কাটছে।,51
ক্ষেত,51
দেখছে,51
চলছে,51
বন্ধু,51
পুরুষের,50
অন্য,50
হাঁটছে।,49
হিজাব,49
দোকানের,49
অস্ত,49
মেয়েকে,49
মানুষকে,48
ফটো,48
বোরকা,48
বাইরে,48
বাধা,47
পরনে,47
আকাশ,47
বল,47
চেয়ার,47
সেই,47
বাঁশের,47
বলছে,47
শহীদ,47
লোকজন,47
ড্রেস,46
গাছ।,46
কৃষক,46
দাড়িয়ে।,46
রেখেছে।,45
পুরুষকে,45
গোছল,45
সাইকেলে,45
টিনের,44
ক্রিকেট,44
কাঁদে,44
শিশুকে,44
মাঝের,44
কাক,44
বিল্ডিং,44
আগুন,44
নারী,,44
নৃত্য,44
আসছেন।,44
বাড়ির,43
মহিলার,42
ঘর,42
চাদর,42
খাচ্ছে,42
উঠে,42
লিখছে।,42
গ্লাস,42
পার্কে,42
এলোমেলো,41
দুইপাশে,41
লাঠি,41
বাইচে।,41
ব্যান,40
হাড়ি,40
একজনের,40
বিক্রেতা,40
বাঁশ,40
বাজাচ্ছে।,40
পেছনে,39
কাছে,39
উরনা,39
কাগজ,39
চালাচ্ছে,39
পড়ছে,39
গরুর,39
ভিড়ানো,39
পুরনো,39
বাজারে,39
তা,39
গাছপালার,39
দেয়া,38
মেয়ের,38
গালে,38
দৌর,38
বানাচ্ছে।,38
উঠছে।,38
সারি,38
পুরাতন,38
বাড়ী,38
সূর্যের,37
প্রতিচ্ছবি,37
মাঝখানে,37
বক্তৃতা,37
বাগানে,37
স্কুলের,37
মা,37
কেউ,37
ঘুড়ি,37
এখানে,36
কপালে,36
ঘুমিয়ে,36
ঘরে,36
নৌকাতে,36
গাড়িতে,36
ফেলছে।,36
পার্কের,36
লোকের,36
অর্ধেক,35
লাটি,35
জনের,35
সোয়েটার,35
চারদিকে,35
ঘাড়ে,35
জড়িয়ে,35
সিগারেট,35
টেবিল,35
উপরের,35
থেমে,35
ঝর্ণার,35
সামনের,34
হাসছে,34
রান্না,34
দরজার,34
যারা,34
ছাদে,34
ছেলের,34
ছেলেকে,34
১জন,34
ছাত্রী,34
একে,34
তিন,33
দেখাচ্ছে।,33
ঝাপসা,33
পেপার,33
বট,33
মাটি,33
দাঁত,33
জানালার,33
চাকা,33
ধরার,33
সেতু,33
মঞ্চের,33
আরেকটি,32
হাঁস,32
বহন,32
লম্বা,32
যাওয়া,32
আঁকা,32
বেলা,32
কোলাহল,32
খোলা,32
টায়ার,31
আনন্দ,31
তৈরি,31
টেনে,31
সেলফি,31
চলাচল,31
ফুটবল,31
স্তপের,31
আছে,,30
খেলছে,30
৭,30
পাতা,30
ঠিক,30
চাষ,30
শাপলা,30
পথ,30
বালতি,30
পাহাড়ি,30
লঞ্চ,30
অনুষ্ঠানে,30
একা,30
গাছপালা,30
ক্ষেত।,30
বিক্রী,30
আলোতে,29
ধাক্কা,29
হাল,29
পড়া,29
দরজায়,29
বেঞ্চে,29
বনের,29
প্লাটফর্মে,29
ইটের,28
জেলে,28
চালক,28
শরীর,28
মরিচ,28
তারা,28
জন্য,28
পুরুস্কার,28
পিঠে,28
খালের,28
লোহার,28
খেলছেন।,28
বিভিন্ন,27
ঢেকে,27
রয়েছে।,27
রিক্সায়,27
সিঁড়িতে,27
মোমবাতি,27
হাঁটু,27
ময়লা,27
ঝুলিয়ে,27
একপাশে,27
ঘোড়া,27
বোর্ড,27
নিচ্ছে।,27
মাইক,27
উকি,27
সিঁড়ির,27
দুটি,27
চেয়ারে,27
পুকুরের,27
পাথরের,27
আশেপাশে,27
ক্যাপ,27
সামনে।,27
নাচ,27
দোলনায়,27
কাদা,27
তীরে,26
হরিণ,26
ময়লার,26
হচ্ছে,26
দেয়াল,26
বোতল,26
সাতজন,26
লাগিয়ে,26
রেললাইনের,26
ফোনে,26
ভিক্ষুক,26
বেঁধে,26
রকমের,26
চালাচ্ছেন,26
রিক্সার,25
হাঁটছে,25
লাইনের,25
কাঠের,25
মেঘ,25
ভিড়,25
ঘাসের,25
জাহাজ,25
বাড়িয়ে,25
আরেক,25
ঘুমাচ্ছে।,25
টাকা,25
কাঁচা,25
পাঞ্জাবি,,25
মেয়েরা,25
পায়জামা,24
মহিলা,,24
পুকুর,24
পিছনের,24
চায়ের,24
গোলাপি,24
ঝাঁকা,24
ঘাস,24
মূর্তি,24
বোঝাই,24
দড়ি,24
বালুর,24
সান,24
গ্রাসের,24
গীটার,24
ব্যাট,23
শীতের,23
মিনারের,23
সাঁতার,23
বানর,23
তাকে,23
পরিস্কার,23
কাঁদার,23
নৌকা।,23
জন্য।,23
সাড়িতে,23
ভাসমান,23
বইয়ের,22
ভিজছে।,22
ছাত্র,22
বসে।,22
বালু,22
মিনার,22
চলে,22
হুইল,22
ঘোড়ার,22
দু,22
৮,22
ধরছে,22
একই,22
কলশী,22
কোর্ট,22
নারীর,22
রুমে,22
আঁকছে।,22
রিকশা,22
শিশুর,22
পাখির,22
গ্রাস,22
আদিবাসী,22
দিচ্ছেন,22
বোরখা,22
গাছপালা।,22
লাল-সবুজ,22
সুন্দর,22
বাজাচ্ছে,21
,,21
সবাই,21
বুজা,21
মধ্য,21
মেঘলা,21
পাতিল,21
জুতা,21
আঙুল,21
পিছন,21
বাড়ি,21
নারীকে,21
ঘাটে,21
ভাঙা,21
ভর্তি,21
ক্লাস,21
পরিবেশন,21
ধূমপান,21
পান,21
জ্বলছে।,21
ভিক্ষা,21
মালা,21
ধারে,21
বিদ্যুৎ,21
চালাচ্ছেন।,21
ঝাড়ু,20
ট্রাক,20
কুয়াশার,20
চারা,20
দৌড়,20
পুতুল,20
ফাকে,20
শ্রমিক,20
আদর,20
ছাদের,20
রকম,20
কেক,20
তিনটা,20
লঞ্চের,20
পাকা,20
সবজি,19
মোটর,19
কয়েক,19
শুকাতে,19
চোখ,19
লাইট,19
কাঁদছে,19
উঁচু,19
মেশিন,19
ফেলে,19
মাঝে।,19
লেখা,19
বাচ্চার,19
খাল,19
চেষ্টা,19
ফলের,19
মহিলাকে,19
ডুবে,19
ঝুড়িতে,19
টানছে।,19
ভাষণ,19
লোহা,19
ছেলে-মেয়ে,19
মাঝখানের,19
আশে,19
কমলা,18
অল্প,18
ব্যানের,18
ফুট,18
এক্ত,18
মানুষজন,18
কাচা,18
ফল,18
অন,18
সারা,18
তাতে,18
কারখানায়,18
বাসার,18
কানে,18
ডালে,18
বাস,18
সিঁড়ি,18
দেখছেন।,18
টা,18
বেলায়,18
উড়ছে,18
ভিজে,18
ওপাশে,18
শাড়ি,,18
পত্রিকা,18
ঝাঁপ,18
রাস্তা।,18
ব্রীজ,18
পাহারের,18
আবছা,17
টিপ,17
মাঠ,17
উঠিয়ে,17
ভাত,17
বুকে,17
ঝুরি,17
ভাসছে,17
কল,17
ছিটিয়ে,17
বন্যার,17
কাটছে,17
ফাঁকা,17
পেতে,17
ওপরে,17
মসজিদের,17
দূর,17
কম্পিউটার,17
ধরেছে।,17
সেজেগুজে,17
পাল,17
ঝাপ,17
গোলাপ,17
বাঘ,17
চলাফেরা,17
মুরগি,17
খেলনা,17
ব্রিজের,17
চলন্ত,17
ঝর্ণা,17
দেখাচ্ছে,16
কাঁদছে।,16
মোনাজাত,16
যা,16
পরে।,16
মত,16
ব্যানে,16
জিন্স,16
দাড়ি,16
পলিথিন,16
কয়েজন,16
জমি,16
মহিষ,16
হাতের,16
ঠেলা,16
ভবনের,16
বিদেশি,16
দৌড়ে,16
বাঁশি,16
দোকান,16
বারান্দায়,16
স্তূপের,16
মালামাল,16
জ্বালিয়ে,16
পাথর,16
নীচ,16
পরে,,15
সবজির,15
পাহাড়।,15
ঘুরে,15
নিয়ে।,15
৯,15
পাইপ,15
পুকুরে,15
যাকে,15
খেলার,15
ছবির,15
কলসি,15
পেঁচিয়ে,15
বাটি,15
টেবিলের,15
ঝুলছে।,15
মেলায়,15
সমুদ্রে,15
খাওয়াচ্ছে।,15
বাদাম,15
বাজার,15
বাবল,15
বুঝায়,15
বিকেলে,15
অপরের,15
ছুড়ে,15
ধর্মজাল,15
বাশের,15
উপরে।,15
হাসতেছে।,15
তুলছেন।,15
দুইপাশের,15
চাতালে,14
ছবি।,14
চার,14
আগুনের,14
জায়গায়।,14
পাশের,14
পরা।,14
অন্ধকার,14
গেসে,14
করার,14
ছছেলে,14
একজ,14
বাচ্চারা,14
লঞ্ছ,14
সেলাই,14
বাদ্যযন্ত্র,14
বাসের,14
স্টেশনে,14
সেনাবাহিনীর,14
জানালায়,14
গাড়ী,14
নামছে।,14
ভর,14
একদিকে,14
তোরা,14
বাছায়,14
টিশার্ট,,14
টেবিলে,14
সুন্দরবন,14
শুকাচ্ছে।,14
ঠেলে,14
ঝুলে,14
বাড়ীর,14
মসজিদ,14
মসজিদ।,14
ছেলেরা,14
বেয়ে,14
খাচ্ছেন,14
দিচ্ছেন।,14
সে,13
পরিধান,13
মাঝখান,13
বার,13
একটু,13
ওয়ালা,13
বৃষ্টি,13
যাত্রী,13
বস্তার,13
সাইকেলের,13
সাকু,13
পাশে।,13
ঝুরিতে,13
পায়ে,13
আয়নাতে,13
লিখছে,13
শিশু,,13
গরুকে,13
আরেকজনের,13
বাংলাদেশের,13
মেঝেতে,13
মোবাইলে,13
লিখা,13
বাতি,13
কেটে,13
গেট,13
দোল,13
এলাকায়,13
জড়ো,13
গাইছে।,13
সাজানো,13
লোকটা,13
আবার,13
নাচছে।,13
বিড়াল,13
ডাব,13
দৌরে,13
সেখানে,13
পালা।,13
ব্রীজের,13
শিশু।,12
জিনিস,12
মাদ্রাসার,12
আকাশী,12
কোদাল,12
পুঙ্গ,12
খোলে,12
স্তপ,12
জমে,12
ব্যায়াম,12
চাকার,12
সারির,12
মসজিদে,12
বসিয়ে,12
বাহিরে,12
অনেকজন,12
থেকে।,12
আবর্জনার,12
বালির,12
কাখে,12
দুজন,12
লাইনে,12
অনেকে,12
গিটার,12
ভেতরে,12
শুনছে।,12
মাথাই,12
আর্মি,12
বাংলাদেশ,12
শাড়ী,12
ঢোল,12
বানানোর,12
রাখছে।,12
আয়না,12
খাঁচা,12
সাঁকোর,12
যিনি,12
মাখা,12
উঠছে,12
লাকড়ি,12
পড়ন্ত,12
গোলাপের,12
আন্দোলন,12
বুনছে।,12
চুড়ি,12
তোলা,12
রেলগাড়ির,12
হালকা,11
অংশ,11
আকাশি,11
গলা,11
ঝুলানো,11
বাগানের,11
লেকের,11
বাঁকা,11
বেকে,11
২জন,11
করা।,11
গার্ড,11
ডাল,11
রেখেছে,11
বক,11
সেন্তু,11
মরিচের,11
পড়াচ্ছে,11
কোমরে,11
বক্স,11
আয়নায়,11
উঠুনে,11
খাতায়,11
ভাসছে।,11
কাটা,11
কাপ,11
চাপকল,11
করেছে।,11
ফোন,11
মাইকে,11
হুজুর,11
মারছে।,11
পঙ্গু,11
সন্ধার,11
ঘর।,11
ড্রাম,11
পাত্র,11
কতকগুলো,11
বাবা,11
করাচ্ছে।,11
বরাবর,11
চুরি,11
দুরে,11
পর্যটন,11
নেয়া,11
আরেকটা,11
শাক,11
লাগানো,11
ভাটায়,11
সেনা,11
ঘেরা,11
বলছেন,11
খেলছেন,11
নানান,11
ধরছেন।,11
আটি,11
সাগর,11
খরের,10
ঘাড়,10
ডানপাশে,10
খুলে,10
যাচ্ছে,,10
ঝুপের,10
বেলচা,10
বালক,,10
ঝুলছে,10
আকাশের,10
বানাচ্ছে,10
জামা,,10
স্পীড,10
খায়িয়ে,10
ডুবন্ত,10
গায়ের,10
রোপণ,10
ঘুরিয়ে,10
গ্রাম,10
একটিতে,10
মজা,10
ভাঙ্গা,10
ভরছে।,10
হয়েছে।,10
নিচ্ছে,10
গুড়ির,10
নানা,10
প্রার্থনা,10
মুনাজাত,10
কলস,10
প্রতিবন্ধী,10
জাতীয়,10
ধুচ্ছে।,10
কলা,10
হাসিমুখে,10
মুখের,10
পাঁচটি,10
বুঝা,10
জালের,10
সাজিয়ে,10
পাটের,10
ফিতা,10
মুখে।,10
সারিবদ্ধভাবে,10
বিছানায়,10
মাইক্রো,10
ভিতরে।,10
দুইজনের,10
খেলনার,10
ছেলেমেয়ে।,10
খাতা,10
রেলগাড়ি,10
আর্ট,10
দেখিয়ে,10
বন্ধ,10
ছেড়ে,10
বাটিতে,10
থামানো,10
রক্ষা,10
অন্যের,10
লোক।,10
মুখোশ,10
লাল-সাদা,10
পাড়ের,10
মোটরসাইকেল,10
সন্ধ্যাবেলা,10
বাঘের,10
ভিজা,10
নারিকেল,10
দিচ্চেন,10
ধরছেন,10
মিনারে,10
কাশফুলের,10
নদী।,10
বড়শি,10
খাচ্ছেন।,10
বানাচ্ছেন।,10
দেখছেন,10
পড়ছেন।,10
অন্ধকারে,9
না।,9
গেঞ্জি,,9
গা,9
সরু,9
কিশোর,9
ম্যাক্সি,9
একসাথে।,9
শহিদ,9
বিড়ি,9
নামাচ্ছে।,9
কোন,9
কুয়াশায়,9
মই,9
কাঁদা,9
বিছিয়ে,9
ভাসিয়ে,9
জ্বেলে,9
উড়ে,9
মাচার,9
গরু।,9
বালি,9
ফেলছে,9
পড়ালেখা,9
বালতিতে,9
বিশাল,9
ছায়া,9
মিষ্টি,9
হাটে,9
পাইপের,9
কাপড়ের,9
কাঁধের,9
পশু,9
পালতোলা,9
বই।,9
সদস্যরা,9
স্কুলে,9
যেখানে,9
সেলায়,9
মুরগীর,9
সাপ,9
ভ্যানে,9
পার্থনা,9
হেলান,9
বেড়া,9
কি,9
কচুরিপানা,9
দাড়িগোঁফ,9
উঠোনে,9
চারটা,9
বেগুনী,9
পড়াশুনা,9
সাদের,9
বোট,9
নদি,9
ঝালায়ের,9
বিকেলের,9
ঝালাইয়ের,9
রুমে।,9
পিলারের,9
ফেলছেন,9
কাঠ,9
সুর্য,9
ঘোমটা,8
ছাতার,8
হয়েছে,8
টুপি,,8
ফুটে,8
বাপাশে,8
কে,8
ধরে।,8
দরিদ্র,8
ভেজা,8
চুলায়,8
দোকান।,8
সবুজের,8
বাকিরা,8
তলিয়ে,8
ঢালছে।,8
চিত্রকর্ম,8
আলোর,8
উড়িয়ে,8
পানি।,8
আনারস,8
রেলিং,8
খেজুর,8
মানুষ,,8
পাতার,8
উল্টা,8
কালো।,8
মাফলার,8
আচেহ,8
ধূয়া,8
রিকশায়,8
ঘিরে,8
গাচ্ছে,8
ভাবে,8
আকা,8
মূর্তির,8
বাড়ি।,8
খেতে,8
মোটরসাইকেলে,8
কিনছে।,8
বৃদ্ধা,8
প্রচুর,8
শুধু,8
তেল,8
সাথে।,8
বাগান,8
পোস্টারের,8
একজনকে,8
মশাল,8
স্টুডেন্ট,8
পাতলা,8
গল্প,8
বাসা,8
চরে,8
সোফায়,8
কাছ,8
ঝাড়ছে।,8
ঝুড়ি।,8
গাচ্ছে।,8
শিল্পী,8
গেছে।,8
মেশিনে,8
তোলার,8
পিছু,8
ভবন।,8
বেড়ার,8
বিল্ডিং।,8
ডগায়,8
যেন,8
পড়নে,8
আলোয়,8
কোনো,8
করতে,8
ট্রলার,8
ভেলা,8
কাটার,8
কেন্দ্র,8
প্রতিবাদে,8
ফুটপাতে,8
ব্যান্ড,8
ব্যানার,,8
খেড়ের,8
গ্রিল,8
মেলে,8
কবুতর,8
মেরে,8
চছেলে,8
ছানা,8
লঞ্চে,8
মাছের,8
কুয়াশা,8
ব্যাটিং,8
সাইন,8
জঙ্গল,8
রাতে,8
হাজারো,8
জলাশয়।,8
শুকনায়,8
বাইচে,8
গেঞ্জি।,7
লুঙ্গী।,7
বেড়া।,7
পরা,,7
ডানপাশের,7
বাঙ্গা,7
পাহার,7
কুলা,7
প্যান্ট।,7
করছে,,7
মাঠ।,7
১০,7
ধানক্ষেতের,7
জায়গা,7
টুলের,7
ঘুমাচ্ছে,7
লম্বা।,7
পানিতে।,7
ঝারু,7
পায়ের,7
চড়ে,7
চাঁদের,7
পরছে।,7
পরিয়ে,7
প্লাটফর্ম,7
দারিয়ে।,7
তে,7
আইসক্রিম,7
তোলে,7
ছোট।,7
বীজ,7
নিচে।,7
হয়ে।,7
খাবারের,7
ধানগাছ,7
ধানক্ষেতে,7
পরুষ,7
সারিবদ্ধ,7
ভ্যানের,7
সারিতে,7
উপহার,7
খেড়,7
পুরানো,7
ট্রাকের,7
ঝুড়ির,7
কাঁচি,7
কাগজের,7
পাখি।,7
ছাড়াচ্ছে।,7
বিচে,7
ফুল।,7
স্লেট,7
পারের,7
অফিস,7
পরীক্ষা,7
ব্ল্যাক,7
লাইন।,7
মুচকি,7
চামচ,7
বোলে,7
বসা,7
গ্রামীণ,7
অভিনয়,7
পিচ,7
টুকাতে,7
অন্ধ,7
আওবং,7
ওড়না,7
কুকুরের,7
ভিডিও,7
দুইজনকে,7
ছায়াতে,7
কলম,7
ভিক্ষুক।,7
আসা,7
হাতির,7
পতাকার,7
স্যুট,7
ডেলান,7
ঠেলছে।,7
বামপাশের,7
শারীরিক,7
মধ্যবয়সী,7
সাংস্কৃতিক,7
যন্ত্র,7
একুশে,7
জুতার,7
রামপাল,7
চুক্তি,7
স্বাক্ষরের,7
কমিটির,7
দম্পতি,7
একতারা,7
ঘড়ি,7
বেঞ্চের,7
লাল-কমলা,7
মেলা,7
স্কার্ফ,7
ট্রাক্টর,7
সকালে,7
ছয়টি,7
কাঁখে,7
মুখোস,7
লোকটি,7
মাইকের,7
গেটের,7
পেয়ারা,7
নিচ,7
ফিরিয়ে,7
করে।,7
পাকার,7
দিকে।,7
পাহারে,7
স্তবক,7
গুনছে।,7
কোলা,7
পাঁটের,7
তুলছেন,7
গাড়ীতে,7
জানাচ্ছে।,7
কোরআন,7
জানলা,7
বাবার,7
জঙ্গলে,7
পাচজন,7
নারকেল,7
মন্দির।,7
গাছালি,7
ব্রীজ।,7
কস্তূরী,7
হাঁসের,7
মারছেন।,7
ভাব,6
ডানদিকে,6
প্লেট,6
গা।,6
ঢাকা,6
প্যান্ট,,6
ভেরা,6
ফাক,6
হা,6
ডালের,6
ছাগলের,6
গুলা,6
ভেসে,6
করিয়ে,6
দাড়িওয়ালা,6
শুকনা,6
মগ,6
জার্সি,6
পোশাক,6
বানানো,6
পলিথিনের,6
উঠা,6
বেলার,6
খালে,6
মাঝি।,6
গামলা,6
বেনি,6
মুড়ি,6
কলে,6
বন্দুক,6
উঠানে,6
লোককে,6
কলসে,6
আনেক,6
ঝর্নার,6
পুড়ে,6
খেলতে,6
সেজেছে।,6
ছাতি,6
বেড়াচ্ছে।,6
সন্ধ্যার,6
টিপছে।,6
দরজা,6
গাইছে,6
কলের,6
বিমান,6
দুইতলা,6
আটজন,6
পরেছে।,6
মরা,6
সব্জি,6
দৌড়াচ্ছে।,6
ভবনে,6
ঝুলন্ত,6
লাঠিতে,6
দুধ,6
অনেকের,6
রুম,6
সাদা।,6
আরেকজনকে,6
কাগজে,6
চুলে,6
ভেলার,6
হাঁড়িপাতিল,6
গহনা,6
পাঁট,6
ছলে,6
বর্ডার,6
পাড়ে।,6
চালের,6
ভাস্কর্যের,6
হাঁতে,6
টাকার,6
তাকিয়ে।,6
ভেলাতে,6
কয়েকজনকে,6
ক্যামেরার,6
জিলাপি,6
উৎসবে,6
ক্রেস্ট,6
তাল,6
উল্টিয়ে,6
কতোগুলা,6
ব্যাগ।,6
ট্রলারে,6
নাকে,6
তেল-গ্যাস,,6
খনিজ,6
সম্পদ,6
উড়াচ্ছে।,6
লাল-কালো,6
আসন,6
সঙ্গীত,6
একেকজন,6
সন্ধ্যাবেলায়,6
ছিটাচ্ছে।,6
গুড়ি,6
বেশ,6
হাতি,6
তবলা,6
পিঠা,6
ঘোড়ায়,6
গায়ে,,6
মিনার।,6
জমি।,6
মন্দিরের,6
ক্যামেরা।,6
প্রসারিত,6
লেকে,6
হাটা,6
হাটছে।,6
অভিনেত্রী,6
মটর,6
জুতো,6
স্টেশন।,6
বাড়ী।,6
লোক,6
কলার,6
হচ্ছেন।,6
মারছেন,6
হাঁটছেন,6
হেজাব,6
ল্যাপটপ,5
চেহারা,5
নাড়া,5
রাখা।,5
রিকশার,5
বুক,5
টুপি।,5
ছড়িয়ে,5
নেই,5
শার্ট।,5
ওপর,5
সাইডে,5
গুদাম,5
কয়লা,5
জ্বলে,5
কেছে,5
সার,5
নেই।,5
কাপরের,5
গায়ে।,5
লাঙ্গল,5
আরেকপাশে,5
ফুলে,5
দাঁড়ানো।,5
এলোমেলো।,5
দুল,5
ছুরি,5
জ্বলছে,5
বিছানার,5
বঁড়শি,5
বানরের,5
গেড়ে,5
৪জন,5
শিক্ষিকা,5
কাঁদাযুক্ত,5
কৃষক।,5
নেবার,5
এ।,5
দুহাত,5
মানুষগুলো,5
পর,5
কাঁথা,5
ধরা,5
যে,5
বসার,5
ডাক্তার,5
গ্যালারিতে,5
আহাজারি,5
বিল,5
সাহায্য,5
দেখে,5
কাল,5
থাকে,5
ঝরে,5
ছাগলকে,5
ফাঁক,5
রুমের,5
কুকুর।,5
খেলাধুলা,5
চাপছে,5
কম্বল,5
পাট,5
লেগে,5
সাঁকো,5
দুইহাত,5
পালা,5
কান,5
বাসায়,5
হাত।,5
বইছে।,5
ছায়ার,5
সুতা,5
মাছ।,5
পতাকা।,5
আসে,5
খড়,5
নয়জন,5
বানিয়ে,5
নামছে,5
শিক্ষক,5
বাকি,5
হিজরা,5
ঝোপের,5
অনুস্তান,5
পড়াচ্ছে।,5
লিখে,5
বেশিরভাগ,5
সবার,5
আড্ডা,5
মুরগির,5
বেঙ্গে,5
বোর্ডে,5
বাদ্য,5
দিক,5
সাইকেল।,5
অপরকে,5
বিস্কুট,5
কাদামাটিতে,5
দড়ির,5
হল,5
ডিজিটাল,5
নোট,5
কাচি,5
গুড়িতে,5
ব্রিজ,5
নিয়া,5
খড়ি,5
স্টাইল,5
বিলের,5
শুভ,5
আয়নার,5
ঘুরছে।,5
লাফিয়ে,5
ধূসর,5
বাঁধা,5
জেলেরা,5
ভাষা,5
তরমুজ,5
রক্ষায়,5
নৌকা,,5
লবণ,5
স্টেজে,5
লাইব্রেরীতে,5
চিল,5
চুড়ি,,5
মঞ্চ,5
লুঙ্গি,,5
বন,5
প্রধান,5
না,5
বাড়িঘর,5
বিচের,5
অ,5
কুকুরকে,5
শিক,5
হারিকেন,5
অব,5
ফুটওভার,5
টাই,5
তিজন,5
বাইছে।,5
কাছে।,5
প্লেটে,5
সদস্য,5
ঝালাই,5
শ্রদ্ধা,5
উঠাচ্ছে।,5
বোল,5
উরাচ্ছে।,5
নদিীর,5
শুটকি,5
তুলার,5
বর,5
অপর,5
ছত,5
বাজাচ্ছেন,5
মাঠে।,5
স্তম্বের,5
রেস্টুরেন্ট,5
গেটে,5
থামিয়ে,5
দোকানে।,5
চাল,5
আঁশ,5
নাগর,5
লাফালাফি,5
সিড়ি,5
গাড়ীর,5
আকছে।,5
নাটাই,5
গুজে,5
বৈশাখে,5
মুচি,5
ভি,5
মহিলারা,5
লাগান,5
বাশ,5
খানে,5
ফাকা,5
শুনা,5
টাওয়ার,5
ভাটা,5
বাগান।,5
পুকুর।,5
কচুরিপনা,5
দেখাচ্ছেন।,5
পড়ছেন,5
ঘুমাচ্চেন,5
টাঙানো,5
হাসছেন,5
হাসছেন।,5
ঝাঁক,5
নামায,5
বেত,4
গার্মেন্টস,4
সবজী,4
রাস্তাই,4
ছেলে,,4
পর্যন্ত,4
জাম,4
তাবু,4
হাঁ,4
বড়।,4
জনকে,4
কাপড়।,4
ক্রিম,4
উঠাচ্ছে,4
লাকড়ির,4
দার,4
কুয়াশাছন্ন,4
নৌকাটি,4
বুজা।,4
হাস,4
মিলের,4
দাঁড়ানো,4
সাতার,4
শরীরের,4
সাবান,4
দেবার,4
রিক্সা।,4
কারেন্ট,4
উনিফরম,4
পোকা,4
দৃশ্য,4
বিক্রেতার,4
তৈরির,4
সিটে,4
চাঁদ,4
খেজুরের,4
এমন,4
দুইদিকে,4
নতুন,4
কলাগাছের,4
কার্ড,4
কিশোরী,4
পুরসু,4
নামাচ্ছে,4
৫জন,4
চকিতে,4
জোন,4
জেলে।,4
ভেলায়,4
সাইড,4
ধুচ্ছে,4
ক্রেতা,4
গলির,4
পাসে,4
পাত্রে,4
মৃত,4
শিক্ষা,4
কামার,4
নাড়ছে।,4
তালি,4
পাহাড়ে,4
কলশীতে,4
পিঠের,4
সি,4
সাধারণ,4
প্যাকেট,4
বাইসাইকেল,4
রিকশাওয়ালা,4
আরবি,4
তেলের,4
দিতে,4
নৌকাই,4
বয়সের,4
যাতায়াত,4
নিক্ষেপ,4
বগির,4
গ্লাসে,4
আছে।।,4
ট্রেনে,4
গেছে,4
৩জন,4
গলিতে,4
ডান,4
খাচার,4
রোদে,4
এন,4
বালিকার,4
স্যালুট,4
থালা,4
সিঁদুর,4
পিছনে।,4
পড়াশোনা,4
কেটলি,4
মাথাও,4
তুলে।,4
নাচছে,4
প্রতিবাদ,4
মন,4
খারাপ,4
রাস্তায়।,4
রিকশাচালক,4
রিক্সাওয়ালা,4
ফটোর,4
অনুস্তানে,4
রিক্সাতে,4
অনুস্তানের,4
মা।,4
জ্যাকেট,4
মঝে,4
বারান্দার,4
বস্তির,4
ছাদ,4
সভাকক্ষে,4
গ্রিলের,4
চাচ্ছে,4
টানছে,4
উৎসব,4
কেনা,4
পুলিশ।,4
গাড়ি।,4
পাত,4
রস,4
মেশিনের,4
বাচ্চাদের,4
জলছে।,4
সার্টিফিকেট,4
পাগল,4
হাঁসিমুখে,4
সহযোগীরা,4
হাত-পা,4
ধারের,4
আলতা,4
জল,4
ঘুরছে,4
দুইজনই,4
দিবসে,4
ডেকে,4
প্রতীকী,4
ভাটার,4
নগ্ন,4
এসে,4
পড়ে,,4
কলেজ,4
সাজানো।,4
কাঁধ,4
কর্মকর্তা,4
হাজার,4
শত,4
কতগুলি,4
জনজাত্রায়,4
ব্যাগের,4
পেরিয়ে,4
কুড়ে,4
কজ,4
কাঠি,4
ফুটপাতের,4
হাতুড়ি,4
আকাশ,,4
মিছিলে,4
স্তূপ,4
নিচের,4
লাগানো।,4
অন্যজন,4
পুরষ্কার,4
বাচ্চাটার,4
পানের,4
ড্রামের,4
ছিপ,4
ভিন্ন,4
চারদিক,4
প্রদীপ,4
খাঁচার,4
কুয়াশাচ্ছন্ন,4
কাদামাটি,4
বাসে,4
সাদা-গোলাপি,4
চরের,4
ইউনিভার্সিটি,4
লোকটার,4
ননদীর,4
মোম,4
চলা,4
অন্যদিকে,4
ব্যান্ট,4
মারছে,4
গোঁফ,4
বাড়িঘর।,4
কাজের,4
পালন,4
একহাতে,4
নিল,4
নামা,4
লুডু,4
ঝাড়ের,4
কুমির,4
বেলা।,4
রেখে।,4
বস্তায়,4
টার,4
দাড়ি।,4
ডুবানো,4
ডুবা,4
বন।,4
ধরনের,4
কাপে,4
কেনাবেচা,4
বাধা।,4
দিচ্চেন।,4
হাঁটছেন।,4
সাধু,4
খান,4
কাদে,4
গাছালি।,4
উরে,4
হাসতেছে,4
পহেলা,4
করতেছে।,4
বাক্স,4
পকেটে,4
পরিষ্কার,4
বাড়ীতে,4
বুদ,4
জানলায়,4
স্টেশন,4
ছোট,4
বাসা।,4
পানা,4
বাংলায়,4
সাকুতে,4
তৈরী,4
কেন্দ্র।,4
রেললাইন,4
সিড়িতে,4
ভাজা,4
মাছরাঙ্গা,4
বলছেন।,4
টানছেন।,4
ডুঙ্গি,4
বেতের,4
টিতে,4
ঘুমাচ্ছেন,4
পিঠ,4
টিয়ে,4
খরগোশ,4
কাটছেন,4
দোলনার,4
উঁকি,4
দ্রত,4
শুঁকাতে,4
ভার,4
টায়ারের,4
হাঁসতে,4
টুকরা,3
গামলায়,3
পেয়াজ,3
কুপি,3
মাপছে,3
চালার,3
অন্ধকারের,3
খাচ্ছে,,3
নিশান,3
দেয়া।,3
দাঁড়ি,3
টাঙানো।,3
ছাই,3
দিয়ে,,3
তুলা,3
শেভ,3
বোরকা,,3
ছোট,,3
তারকাটার,3
গুলাপি,3
দরি,3
পানিয়ে,3
গাছপালাযুক্ত,3
প্যাঁচানো।,3
পাঁচ,3
দেইন,3
আরেজন,3
খুঁটি,3
বাতাসে,3
ধানক্ষেত,3
আরেকহাতে,3
পানিযুক্ত,3
ঘোড়াকে,3
ঢাকা।,3
কৃষকের,3
ঘরবাড়ি,3
জাহাজের,3
সাদার,3
জালাচ্ছে,3
লাটির,3
মহিল,3
১৫,3
বয়েসি,3
গোলাপ।,3
শিকরের,3
ঝুটি,3
কুটা,3
অটো,3
ছোটাছুটি,3
ঝালমুড়ির,3
ঝালমুড়ি,3
বালিকা,,3
মোটরবাইক,3
আলপনা,3
বালক।,3
বালকের,3
চামড়ার,3
লালা,3
দেকে,3
পাছে,3
বাচ্চাটিকে,3
ফসল,3
মাদুলে,3
অচল,3
মন্দিরে,3
সূতার,3
আঁকাবাঁকা,3
মেহেদি,3
বাইচের,3
রিক্সা,,3
মায়ের,3
বালিতে,3
নবজাতক,3
টেলিভিশন,3
টিভি,3
চিংড়ি,3
জরিয়ে,3
বাচ্চা,,3
ভুট্টা,3
মুহিলা,3
টুলে,3
র,3
কাজল,3
গায়,3
ত্রাণ,3
লেখাপড়া,3
ছাগল।,3
দেবীর,3
ভাসে,3
আম,3
দা,3
ব্রিক্রি,3
পরছে,3
দড়িয়ে,3
প্রতিযোগিতায়,3
দশজন,3
১২,3
উল্টো,3
রড,3
ভাঙছে।,3
রাখে,3
শোভাযাত্রা,3
চারপাশ,3
হাসিনা,3
ল্যাপটপের,3
ভাঙ্গার,3
কালি,3
সাজগোজ,3
মারামারি,3
ভিজাচ্ছে।,3
খাইয়ে,3
দৌড়াচ্ছে,3
এজন,3
হিন্দু,3
প্রদর্শনী,3
চেপে,3
মূর্তি।,3
চিহ্ন,3
বেলুন।,3
হরিণের,3
হরিনের,3
দোকানদার,3
রঙ্গিন,3
গুলি,3
কচুরিপানার,3
কচুরি,3
পুরুস,3
হেড,3
রেলের,3
আঙ্গুল,3
জি,3
শিক্ষক।,3
বিক্রেতা।,3
অসুস্ত,3
বিতরণ,3
হলুদের,3
মাদ্রাসায়,3
সমাবেশে,3
মাইক্রোফোন,3
সাকো,3
রঙিন,3
চালক।,3
পাগড়ি,3
ছাড়া,3
সহ,3
ক্যামেরায়,3
গেসে।,3
ঝরছে।,3
কাকরা,3
টটিনের,3
জাদ্র,3
পিলার,3
ধরাধরি,3
হেলমেট,3
এঁকে,3
জো,3
বাজনা,3
পেটা,3
বাজার।,3
থেলে,3
মঞ্চে।,3
পিটি,3
সংবর্ধনা,3
বেচা,3
খাঁচায়,3
শেষ,3
উঠুনের,3
সবায়,3
গুদামে,3
লাগা,3
ছেলেমেয়ের,3
গুনছে,3
পার্কে।,3
নাচের,3
ঠেলাগাড়ি,3
অঙ্ক,3
জামা।,3
ঘরবাড়ি।,3
আদিভাসি,3
মহিলাকে।,3
উঠানের,3
কাউকে,3
পর্দা,3
সরিয়ে,3
ধোয়ার,3
বসছে।,3
মুচ্ছে।,3
হাঁটাহাঁটি,3
সমাবর্তন,3
যাওয়ার,3
লাল-নীল,3
টায়রা,3
ঘাটলায়,3
দিনে,3
দৌড়াদৌড়ি,3
করা,,3
পরিবেশ,3
শোভাযাত্রায়,3
বার্ষিক,3
দিবসের,3
কুড়াল,3
বিছানো,3
তারমধ্যে,3
মেয়েটা,3
টিয়া,3
জোড়া,3
গাছপালা,,3
খোদাই,3
কোমড়,3
আল্পনা,3
করেছে,3
অনেকগুলা,3
উচু,3
চালছে।,3
লাল-হলুদ,3
অদূরে,3
রাস্তা,,3
লেখছে।,3
ফাঁকে,3
কপি,3
তারপাশে,3
বেঁধে,,3
পেছনের,3
সমদ্রের,3
শিক্ষার্থী,3
পাতিলে,3
নীল-কালো,3
বোতলের,3
মনে,3
রেইন,3
ওয়াটার,3
উপুড়,3
বাইক,3
ট্রাকে,3
হেঁসে,3
মোটা,3
শরীফ,3
একজোড়া,3
মঙ্গল,3
ফুলকপি,3
যাচ্ছে।।,3
ছেলেটা,3
চরক,3
মানি,3
মরে,3
খাতা,,3
বা,3
তুলি,3
দারিওয়ালা,3
রাখার,3
শ্রদ্ধাঞ্জলি,3
একেকটা,3
রোপন,3
গ্যাস,3
চশমা,,3
কাশফুল,3
বাটাল,3
নিয়েছে।,3
মেডেল,3
উঁচিয়ে,3
চকলেট,3
-মেয়ে,3
বাজিয়ে,3
হারমোনিয়াম,3
চুমু,3
চামড়া,3
বাচ্চাটা,3
স্যুট,,3
ভরা,3
ঘাড়ের,3
ঘিয়া,3
ডাকার,3
ঝোলা,3
বায়োস্কপ,3
টটিশার্ট,3
শো,3
বেলুনের,3
চুলের,3
মঞ্চচে,3
ক্ষেতে।,3
দুতারা,3
ডুবছে।,3
বুজায়,3
গুটিয়ে,3
তরমুজের,3
স্তপ।,3
মিউজিক,3
সিজদা,3
আঘাত,3
জগরা,3
ছাপ,3
সিয়ে,3
এই,3
লাটায়,3
দারিয়েয়া,3
বাইচ,3
বেয়ারিং,3
বাহিরের,3
মাকে,3
চুলার,3
চাষের,3
লাটিম,3
সূতা,3
ভদ্র,3
তোরা।,3
চিপা,3
জানি,3
কচ্ছপ,3
নদীতে।,3
আবং,3
যাচেছ।,3
সিএনজি,3
সাবানের,3
বাবু,3
ফুচকা,3
দরছে।,3
উঠতেছে।,3
সরিষার,3
বিপাশাহায়াত,3
পাতিলের,3
সন্তানকে,3
আকতেছে।,3
শুকাচ্ছে,3
স্পিট,3
গাছালির,3
মোমবাতির,3
ঘোরা,3
গাড়ী।,3
ব্রীজে,3
ফুলাচ্ছে।,3
দুইট,3
বাবুই,3
সৃতি,3
স্তম্ভ,3
আমি,3
জঙ্গলের,3
ঝড়ছে।,3
তোড়া,3
ওপারে,3
ঝড়ছে,3
সন্ধা,3
ফেটে,3
মিষ্টির,3
ভরা।,3
বাচ্চাদেরকে,3
কচুরিপনা।,3
খাবার।,3
মুদ্রা,3
পয়সা।,3
একি,3
অটোরিকশা,3
লাইটের,3
মন্দির,3
সেতু।,3
লেংটা,3
হেলিকপ্টার,3
বাজারের,3
প্রদিপ,3
গ্লাসের,3
শুকানোর,3
পেন্সিল,3
মহিষের,3
পাড়র্কে,3
ফেরি,3
টতিন,3
ধুয়ার,3
টিপছেন।,3
দাড়িগোঁফ।,3
তলায়,3
টানছেন,3
কাটছেন।,3
বাজাচ্ছেন।,3
ডুবছেন।,3
বাঁশে,3
পল,3
উড়াচ্ছেন।,3
বোটে,3
ফেলছেন।,3
আবগ্ন,3
উড়ন্ত,3
চত্বরের,3
কেজন,3
ঠোঁট,3
রেলগাড়িতে,3
একন,3
তারের,3
ইফতার,3
হচ্ছেন,3
অনেকগুল,3
উড়াচ্ছেন,3
বগি,3
ধরজায়,3
বাঁধছে।,3
ছালা,3
পানঞ্জাবি,,3
কোনকের,3
ছয়,2
মসলা,2
ভাংছে,2
ভরছে,2
মেঘ।,2
কাদাযুক্ত,2
ফুলহাতা,2
পাল্লা,2
শারি।,2
টাল,2
প্যাঁচানো,2
টাঙ্গানো।,2
শাখা,2
বাজ,2
পিংক,2
বাদামি,2
একদল,2
কাপড়,,2
ব্রাউস,2
রুদ্রে,2
কর্দমাক্ত,2
দারিগুফ,2
বাংলাদেশী,2
ভরে,2
শিশুটির,2
খুলা,2
ছোটাছুটি।,2
পাথি,2
পাথিতে,2
খেলছে,,2
চালুনি,2
খোপা,2
হসপিটাল,2
শিকর,2
পলিথিনে,2
খেলোয়াড়,2
তাড়াচ্ছে।,2
কয়লার,2
আধারের,2
টিউবওয়েল,2
বসাচ্ছে,2
চারদিয়ে,2
জলাশয়ু,2
মানে,2
ভাসছে,,2
হিজব,2
কার্টুন,2
ভিবিন্ন,2
সমুদ্র।,2
তাঁতির,2
ঝাড়ুদার,2
পালিস,2
লাউ,2
ধাবা,2
গাছ,,2
দিচ্ছে,,2
পানার,2
হাসের,2
ঘুমুচ্ছে।,2
ধানক্ষেত।,2
বিছানা,2
আড়ালে,2
বটগাছের,2
বন্ধুক,2
বন্যায়,2
সাকোর,2
হকার,2
বাছাই,2
মেটু,2
ন্যে,2
চাপ,2
ভাঙার,2
পাটকাঠি,2
পলো,2
দুরের,2
নেয়ে,2
মুখুমুখি,2
গুমটা,2
আইস,2
মেঝেতে।,2
মাদুল,2
শুকনো,2
অবস্তায়,2
লাটি।,2
বোজা,2
দাইয়ে,2
মেডিকেল,2
পরিদর্শন,2
বুজিয়ে,2
ডালপালার,2
কুমড়া,2
গ্রাসযুক্ত,2
চিত্র,2
বালক-বালিকা,2
বেড়াচ্ছে,2
ওই,2
সৈকত,2
আর্তনাদ,2
আলু,2
নাচ্ছে।,2
পুঁতছে,2
চাপা,2
শীতকালে,2
আইনা,2
বারান্দাই,2
হেডফোন,2
বিদ্ধস্ত,2
আটকে,2
কর্মী,2
লাগছে,2
১৭,2
কারখনাই,2
ভাঙ্গে,2
অবস্থায়,2
অন্যরা,2
নিভানোর,2
নালার,2
চেয়ারের,2
প্রান্তে,2
উকুন,2
রুতি,2
বেচাকেনা,2
গুরু,2
গেঙ্গি,2
ভলিবল,2
বারজন,2
টিমের,2
হিজলা,2
চখে,2
ফটোতে,2
দেওয়ালে,2
টাঙাচ্ছে।,2
পাত্র।,2
ধৌত,2
বোতল।,2
সাগরের,2
জাহাজ।,2
চালে,2
প্রধানমন্ত্রি,2
মিটিং,2
লড়াই,2
সার্ট,2
মাইকিং,2
মুখ।,2
তের,2
নাড়ী,2
ধুলা,2
মাখা।,2
শেখ,2
খাওয়ানো,2
শুকিয়ে,2
পশুর,2
খাওয়ার,2
টাঙ্গানো,2
মেয়ে,,2
আঁচড়িয়ে,2
হাঁসকে,2
পরহিত,2
চক,2
পিচনে,2
বোতলে,2
নৌকয়,2
আঁকা।,2
দরজা,,2
হাঁস।,2
বান্ডিল,2
গামছা।,2
প্যারেড,2
মাংস,2
ধোঁয়ার,2
চিত্রাঙ্কন,2
মোটরবাইকে,2
হারমনি,2
কবর,2
ছাঁদে,2
ছিঁড়া,2
ব্যাট।,2
ভীর,2
মিসিল,2
গম,2
হরিণ।,2
তামাক,2
হোটেলের,2
কাগজ।,2
ভেঙ্গে,2
স্টলে,2
ছানা।,2
কবুতর।,2
সমাবেশ,2
প্যান্ডেলের,2
ঢেঁড়স,2
বিবাহ,2
শিং,2
কামর,2
চেরাগ,2
জুটী,2
কফির,2
ছবিতে,2
ভিক্ষুককে,2
খুঁজছে।,2
তাক,2
মাদুলের,2
কক্ষে,2
হাততালি,2
চছোট,2
রক্তাক্ত,2
হারানো,2
ডাকা।,2
কন্তাইন,2
হসপিটালের,2
দেখাছে,2
ঘরে।,2
দিছে,2
নাস্তা,2
কাদামাটির,2
প্রদর্শন,2
জগে,2
চাচ্ছে।,2
ফোনের,2
পাখিকে,2
একজন।,2
ছেরে,2
হেসে,2
পিচের,2
নারিজ,2
সভা,2
জ্যামে,2
আচেহ।,2
ব,2
অস্পষ্ট,2
নত,2
সাংবাদিক,2
কাঠির,2
রাখছে,2
বিতরণী,2
মেয়েছেলে,2
হাঁড়ীতে,2
বাতাস,2
লাগানোর,2
মারস্ক,2
ড্রয়িং,2
কারনে,2
সব,2
কাশ,2
আরেকজ,2
দুতলা,2
জানাচ্ছে,2
সীমান্ত,2
চেক,2
গ্যালারীতে,2
পরিক্ষার,2
হলে,2
উরাচ্ছে,2
পেয়াজের,2
কাঁদাতে,2
খাকি,2
বাচ্চাগুলো,2
রুমাল,2
রাসায়,2
প্রতিবন্দি,2
দুদিকে,2
হাসাহাসি,2
শুনছে,2
সোলার,2
ইনজেকশন,2
বাচ্চাটির,2
মানুষও,2
মেখেছে।,2
গার্ড।,2
জোর,2
পালকি,2
তাপ,2
ওভার,2
রাস্তাতে,2
আলমারি।,2
১৩,2
বউ,2
ময়লা।,2
উঠেছে।,2
আহত,2
পরটা,2
একহাত,2
মহিলাও,2
নারী।,2
স্ট্যান্ড,2
বার্ডের,2
মাদুর,2
বাজছে।,2
সাকোতে,2
কানের,2
কান্না,2
ভিতরের,2
সূচনা,2
বেস্ত,2
পাসের,2
থুতনিতে,2
জ্বালানো,2
সরাচ্ছে।,2
রাজ,2
দুল।,2
কয়েকন,2
পথে,2
সাজাচ্ছে,2
স্যুট-টাই,2
মালা,,2
আপেল,2
সানগ্লাস,2
টিপ,,2
দাঁড়িয়ে,,2
ঊজ্জল,2
ছেলেদের,2
হাত-,2
জন্মদিনের,2
তারদিকে,2
একাসাথে,2
আন্তর্জাতিক,2
খেলায়,2
পাঞ্জাবি-পায়জামা,2
উপলক্ষে,2
বেঙ্গল,2
কীটনাশক,2
লাঙল,2
অমর,2
নাটক,2
বিজয়,2
সাদা-হলুদ,2
শ্বাসমূল,2
শিকার,2
আনা,2
হরিন,2
চিক,2
বসেছে,2
একাত,2
স্বাধীনতা,2
জমেছে,2
নববর্ষের,2
ঝুলিয়ে,,2
সঙ,2
ভিড়ানো,,2
টানাটানি,2
কৃষাণী,2
শিক্ষার্থীর,2
মেয়েটার,2
কতোগুলো,2
তালগাছের,2
নদী,,2
অপরপাশে,2
পরীক্ষায়,2
ব্যক্তি,2
মেঘাচ্ছন্ন,2
কোমড়ে,2
সুউচ্চ,2
অফিসে,2
বৈশাখী,2
ঢোল,,2
নেমেছে।,2
ঘাসফুল,2
দুইজনে,2
কার্টুনের,2
নথ,2
সাইনবোর্ড,2
কেতলি,2
প্রতিযোগিতা,2
পোস্টার,,2
ভ্রমন,2
যুবক,2
কতুগুলা,2
এগিয়ে,2
ধারন,2
এমনভাবে,2
কিছুসংখ্যাক,2
বেশকয়েকজন,2
উঠানোর,2
আলোচনা,2
ছেকে,2
কুরআন,2
বাংলা,2
জ্যাকেট,,2
ছিড়া,2
ব্যানারে,2
রংধনু,2
বেল্ট,2
লিখা।,2
জনজাত্রা,2
যেমন,2
খুশি,2
তেমন,2
সাজো,2
ট্রে,2
আশপাশ,2
ছুড়েছে।,2
র‍্যালি,2
মেলাচ্ছে।,2
ষশার্ট,,2
অতিথিরা,2
গ্রহন,2
অন্যজনের,2
উড়াছে।,2
ফলে,2
উঠোনের,2
ফিরে,2
রঙে,2
বারি,2
সারি,,2
যুবক,,2
বয়সী,2
বেদিতে,2
খুঁটির,2
হরিণকে,2
গাছাপালা,2
সাজে,2
বাচ্চাটাকে,2
বসেছে।,2
ছেড়া,2
বড়,,2
সৃতিসৌধ,2
সম্মান,2
নববর্ষ,2
স্থানে,2
আরো,2
সাঁর,2
লকের,2
চলতে,2
খলা,2
সেটা,2
গর্ত,2
বনরক্ষী,2
টং,2
মিয়ে,2
টিকটিকি,2
চুপ,2
রোদের,2
টিকলি,2
গিয়ে,2
এনে,2
অতিথি,2
চড়াচ্ছে।,2
মাঠথায়,2
বলার,2
ধোয়া,2
পুরো,2
স্টেশনের,2
পেপারের,2
প্রফেশনালস,2
করাত,2
ধরতে,2
আকশ,2
যন্ত্রাংশ,2
হলুদ-কালো,2
আঁশের,2
বস্তু,2
কবিতা,2
আবৃত্তি,2
পাখিও,2
প্রফেশনালসের,2
য়ই,2
মেঘে,2
ডাকা,2
দেখার,2
শুকানো,2
হাঁটছে,,2
বাংলাদেশি,2
শিকল,2
ডুগডুগি,2
নুপুর,2
শুঁটকির,2
গেট।,2
ছায়ায়,2
কার্পেট,2
একত্রে,2
দেখাছে।,2
পুরি,2
সৃতিসুদের,2
ফিরানো।,2
গ্যাপে,2
মাংসের,2
বিক্রির,2
শাপলা।,2
বেধেছে।,2
দালান,2
কছু,2
নামিয়ে,2
ভিড়।,2
দেয়ালিকা,2
সমাবেশের,2
বাদিকে,2
পান্তা,2
ভাত,,2
রেখেছেন।,2
পেটে,2
আবহাওয়ায়,2
বাউল,2
ঝুলা,2
সুইমিং,2
চাকায়,2
মইয়ের,2
শিশ,2
ব্যানারের,2
বল।,2
কোয়াটার,2
কিনা,2
সুয়িয়ে,2
একটির,2
উঠানো,2
যযাচ্ছে,2
বেড়িগেটের,2
স্প্রে,2
উড়াচ্ছে,2
বুদবুদ,2
শাহীদ,2
নৌকায়।,2
রাজহাঁস,2
গেরা,2
ঘেসে,2
কোণায়,2
ব্যান।,2
সশাড়ি,2
জানালাতে,2
বসএ,2
সিমেন্ট,2
কিন্তু,2
ছেরা,2
একপায়ে,2
তালগাছ।,2
ঢালছে,2
কবরে,2
মেঝে,2
আকাসে,2
সৃতিশোধের,2
সাকুর,2
বেঞ্ছের,2
ধোঁয়া,2
বোর্ড।,2
ছোটে,2
চশমা।,2
রোমাল,2
হেটে।,2
জন।,2
গর্তের,2
গ্যালারিতে।,2
নাগরদোলায়,2
দোলায়,2
ঘোরার,2
বিস্ক,2
নাড়ানোর,2
আবগ,2
যাছে।,2
জিহ্বা,2
চরকি,2
ফুটেছে।,2
মুকুট,2
বাশি,2
তুলেছে।,2
মিঠাই,2
নাই।,2
দুটো,2
যাছে,2
বাশে,2
বিক্রয়,2
মিলে।,2
বোন,2
হতে,2
জানলার,2
শহিদদের,2
হাটছে,2
মাঝিরা,2
আকাছে,2
বয়ে,2
জালাই,2
নদিতে,2
জয়া,2
আহসান,2
ভাটা।,2
উরছে,2
হলি,2
শরিলে,2
বাসন,2
কেপ,2
দালান।,2
কাছিম,2
জ্বালাচ্ছে।,2
গাছে।,2
রুটি,2
ক্ষেত্রে,2
ছালার,2
খাচায়,2
উড়াল,2
বাকা,2
বাঁদর,2
চেহারায়,2
ঘুড়ির,2
অসহায়,2
সমুদের,2
শিতের,2
কয়েকজন।,2
হারমনিয়াম,2
জলাশয়,,2
পত্রিকার,2
কুমার,2
পড়া।,2
জুলছে।,2
চামুচ,2
লো,2
লোকে,2
কাঁটা,2
বাল্ব,2
সূর্য্য,2
মুর্তি।,2
হাঁত,2
শসা,2
নৌকা,2
চড়াচ্ছে,2
লোহায়,2
আকা।,2
চিড়িয়াখানায়,2
ফটক,2
আগের,2
ঘাট।,2
এলাকা,2
ডাসবিনে,2
মাদ্রাসা।,2
রেললাইন।,2
মৌমাছির,2
চাক,2
খই,2
জায়গা।,2
মিষ্টি।,2
চেয়ার।,2
খেলতেছে।,2
শিল্প,2
কর্ম।,2
উপাসনালয়।,2
আশুগঞ্জ,2
আটকানো,2
মুরগী,2
কলেজে,2
চিয়ারে,2
কারখানা।,2
ঝর্ণাতে,2
জর্দা,2
কযেকজন,2
উপজেলা,2
গেম,2
সূয,2
চিমনি,2
স্কুল।,2
শিখাচ্ছে।,2
এলাকা।,2
ডিজাইন,2
টল,2
মল,2
ছাউনি,2
কারখানা,2
টম,2
রেডিও,2
স্মৃতি,2
সৌধ।,2
করছে।।,2
আলমারিতে,2
রকম।,2
ঘাস।,2
ঝাকা,2
লোকজন।,2
খানি।,2
পাঁচন,2
জিনিসপত্র,2
দেখতে,2
কেক।,2
শ্রী,2
বহুতল,2
পরিষদ,2
বাধ,2
ফাকা।,2
লাইব্রেরী।,2
বসছে,2
নদীতেও,2
আনারসের,2
কয়েকজনের,2
দেশের,2
শহর,2
রেস্টুরেন্টে,2
থই,2
নামানোর,2
ছেড়ে।,2
চাতালের,2
হাতুর,2
কাঁদা।,2
কাপল,2
অঙ্কন,2
করানো,2
আমের,2
ঢুকে,2
খোলে।,2
ডুবছে,2
লঞ্ছের,2
কাঁঠাল,2
বানর।,2
সেলাইয়ের,2
হাড়ির,2
কনে,2
দুর্গার,2
ঘেমে,2
প্লেয়ার,2
লাথি,2
বাঁধছেন,2
ঝুপঝার।,2
পস,2
পাখা,2
এলাকায়।,2
হিয়ে,2
ভাসছেন।,2
ফেরিতে,2
লিখছেন,2
মালার,2
গ্রাসে,2
পত্র।,2
আঁকছেন,2
বিদায়,2
বকে,2
বাঁপাশে,2
নেমে।,2
সার্ফিং,2
দেউয়ের,2
ষ্টীলের,2
খুঁটি।,2
পুড়া,2
শাপলার,2
ঝিনুকের,2
দুষ্টামি,2
পাএ,2
স্তমের,2
মাজারের,2
ফ্রেম,2
প্লাটফর্মে।,2
তিননজন,2
গাঁদা,2
ঢালের,2
গোলাল,2
দালানের,2
খেয়ে,2
ঘুমাচ্ছেন।,2
শুকাচ্ছেন।,2
কারখানার,2
টাক।,2
কাঁদছেন,2
নেট,2
বাঁদিকে,2
নেটের,2
টোকাতে,2
কনক্রিটের,2
চুলা,2
কয়েকটিতে,2
কেরেনের,2
আরেকটিতে,2
ফুয়ারার,2
বাঁধছে,2
সিগারেটের,2
চরই,2
বারান্দা,2
টেনিস,2
মুছছে।,2
ঠেকিয়ে,2
বাহির,2
টার্মিনালে,2
রাখছেন,2
ধরজা,2
নিচ্ছেন,2
টানা,2
উর্ণা,2
তালগাছ,2
ছালাচ্ছেন,2
বক্সের,2
বিড়ালের,2
কোমর,2
টুপির,2
উঠছেন,2
বুট,2
রাখছেন।,2
ডুবছেন,2
ফানুস,2
চশমার,2
প্রজাপতি,2
কোলাকোলি,2
পেঁচা,2
ঘারে,2
মাড়াইয়ের,2
ব্যাঙ,2
কেচি,2
ছয়টা,2
ভুরাচ্ছে।,2
সোনালি,2
ছরা,2
চাবি,2
পড়তে,2
দাড়ি,,2
পিছে,2
জনগোষ্ঠীর,2
জাম্বুরা,2
তারপাশ,2
বোজাই,2
স্পিড,2
আটার,2
গোল্লা,2
বেলন,2
পোস,2
মোবাইলের,2
মাখানো,2
ট্রলারের,2
কাপ,,2
ফুটপাত,2
উড়াতে,2
সুরজাস্তের,2
স্কি,2
পাঞ্জবি,,2
জাল,,2
লেবুর,2
মশলা,2
নদিীতে,2
ছেল,2
সিলেট,2
দদাঁড়িয়ে,2
ডিম,2
কাচের,2
জোড়ায়,2
এক্টি,2
ভাধছে।,2
বাদামের,2
ডালায়,2
রডের,2
পিটানোর,1
ঘুরানো,,1
গুলোর,1
ঢুল,1
অফ,1
হুয়াট,1
প্রনে,1
ঝার,1
বসতি,1
বানিয়ে,,1
ঢাকা,,1
বই,,1
দিঝে,1
আঁধারে,1
সুজের,1
মুড়িয়ে,1
আঁকানো।,1
মালাতে,1
চোখের,1
খুলা,,1
রকেট,1
ভাঙ্গারি,1
ভুল,1
খালি।,1
সেলুয়ার,1
যায়,,1
বৃষটিতে,1
ভিজছে,,1
নউকাতিকে,1
শুকনোতে,1
সরিষাক্ষেতের,1
টিফিন,1
ক্যারিয়ার,1
সরিষাক্ষেতে,1
খর,1
খুর,1
হাড়িপাতিল।,1
করায়,1
সোয়েটার,,1
পাঞ্জাবী,,1
পিছিনে,1
পাড়ে,,1
গাছও,1
পড়ছে,,1
পিছন্নে,1
বামপাশে,1
বেনে,1
উল্টাছে।,1
জমাচ্ছে,1
গোলপোস্টে,1
কিটনাশকের,1
কন্তিন,1
পরনেশিরত,1
উলের,1
উরাচ্ছে,,1
কালোর,1
নক্সা,1
মায়া,1
হরিণ,,1
রাস্তায়,,1
শিশুসহ,1
পুরুষটির,1
জামাকাপর,1
জামাকাপড়,1
কানামাছি,1
চালছে,,1
মানুষসহ,1
ধুসর,1
বিকৃত,1
ধানগাছের,1
জামান,1
বেগুলি,1
শারির,1
ঘুরির,1
ধানে,1
সেতুসহ,1
কোস্ট,1
পরিবেশে।,1
চালাচ্ছে,,1
শ্বেট,1
চুল।,1
জমিনের,1
সিমেন্ত,1
মরুভুমির,1
একঝাক,1
এক্যি,1
পাথি।,1
নয়,1
লাগাচ্ছে,1
কোঁড়ছে,,1
ইট।,1
মুমের,1
বালিময়,1
স্বচ্ছ,1
ডাম্বেল,1
সিল্ভার,1
গামলা।,1
পাপরের,1
টিপসে।,1
লাঙ্গাল,1
জোয়াল,1
গ্রাস।,1
শিকের,1
দইয়ের,1
কোটার,1
কোটা।,1
বাথরুম,1
রঙের।,1
সিদুর,1
ঝিকমিক,1
আসছে,,1
সেলু,1
উঠছে,,1
বিছানোর,1
শাখা।,1
গামালায়,1
মাঝারি,1
বসে,,1
কাছা,1
গ্রাপ্স,1
কুচুরি,1
ওপরে।,1
মজুর,1
জায়াগায়,1
আন্দলন,1
উঠিয়ে।,1
নৌযান,1
মরিচ।,1
বেছে,1
হাড়ীতে,1
রাখছে,,1
যন্ত্রপাতি।,1
ঔশোধ,1
বানরটি,1
ধলা,1
অস্ত্র,1
সিকুরিটির,1
সেকুরিটির,1
আনানেয়া,1
হয়,1
সিট,1
সিটের,1
মানুস,1
সেতর,1
ঘুমাচ্ছে,,1
গামছায়,1
টাকলা,1
তাড়াচ্ছে,1
বাদিকে।,1
জলাভূমির,1
কাছানো,1
পছনে,1
ভেলাগুলতে,1
লুঙ্গিজ,1
গুলাপের,1
জন্মচ্ছে।,1
ঝুলানো।,1
জগ,1
নদি।,1
দিসে,1
বালিয়া,1
স্যে,1
রোলার।,1
গুলছে,1
দল,1
তাড়িয়ে,1
ঝাল,1
মুড়িওয়ালা,1
ওটার,1
স্তূপে,1
তুকাচ্ছে,1
এরিয়ার,1
মাকড়শার,1
ধানগাছে,1
কচি,1
মাকড়সার,1
জাল।,1
জালিয়ে,1
ব্যাটমিনটন,1
করানো।,1
সেলন,1
পিছনে১,1
দাঁড়ানো,,1
দাগ,1
নষ্ট,1
ফুলগাছ।,1
বাকিদের,1
মিলেমিশে,1
মারায়,1
বাচ্চাটি,1
প্রতিচ্ছবিতে,1
পুঙ্গু,1
স্তেছাইর,1
কাছাঘরের,1
বারান্দায়,,1
আধো,1
পা,,1
ভিক্ষুকের,1
নিচ্চে,1
ফকির,1
চকি,1
বালিরময়,1
বোজা।,1
দারিয়ে,,1
নাড়ছে,1
আঁচারের,1
মেহেদী,1
সাদাগেঞ্জি,1
তবলার,1
এমনেই,1
শ,1
৬জন,1
চিকিৎসা,1
প্রুস,1
গ্যালারী,1
খোপে,1
গুয়াল,1
কাচ্ছে।,1
কর্ম,1
এক্সিবিসন,1
লাঠির,1
আলুর,1
স্রমিক,1
লেখাপরা,1
আসে।,1
আনছে,1
ওজন,1
জলাশায়ে,1
খাচ্চে,1
জাংলার,1
মাখে,1
পুরুষ,একটি,1
গাইয়ে,1
আঁকছে,1
গারিতে,1
মাল,1
রোগ,1
চামড়াই,1
সমস্যা,1
হইছে,1
দেখাচ্চে।,1
রূপচর্চা,1
চেখে,1
ভ্যানওলা,1
শকুন,1
মুরগি।,1
ব্যাবহার,1
বুড়ী,1
বুড়,1
দুইজনেই,1
মৃত।,1
দেহ।,1
হাসছে,,1
বাধে,1
মুহিলার,1
কারখনায়,1
জাইনামাজ,1
দ্রুত,1
ঝরনাতে,1
এসিডে,1
জাওয়া,1
ঢাকছে।,1
সমুদ্রর,1
চুড়ার,1
বিবস্ত্র,1
ছিগারেট,1
প্যাকেটে,1
ঘুরাচ্ছে।,1
নেরে,1
সাড়া,1
হাসপাতালের,1
রুগীরা,1
সুয়ে,1
স্রতে,1
ফায়ার,1
সার্ভিস,1
অংশর,1
দূর্গা,1
আকজনের,1
লাম্পু,1
হারিকেনের,1
মমিলাকে,1
কয়েদি,1
ঢেঁকিতে,1
ভাঙ্গাচ্ছে,1
ডেস্কিতে,1
খরি,1
চাওলা,1
ছুলার,1
সেচ,1
খাওয়ে,1
টিচার,1
ছেলেমেয়েদের,1
বিছনার,1
কাপর,1
ঘুনি,1
কলসের,1
খাওয়াদাওয়া,1
বিদেশীর,1
মিল,1
আটকা,1
সেবা,1
বেড়াল,1
গ্রহণ,1
সংসদ,1
সংসদভবনের,1
নেড়ে,1
কলস।,1
বিতরন,1
বইখাতা,1
ভাঙ্গাচ্ছে।,1
সিমেন্টের,1
বাজি।,1
অনেকে।,1
বক্তব্য,1
সাবিনা,1
ইয়াছমিন,1
খুঁজছে,1
প্লেনের,1
তিনজনের,1
কক্ষেতের,1
ভীর।,1
চার্চের,1
৭জন,1
নৃত্ত,1
পুলিশ,,1
মইকে,1
দকান,1
দারের,1
শুকন,1
ফেরিওয়লা,1
ছেলেপেলে,1
বিস্তীর্ণ,1
ষাঁড়,1
কেমেরা,1
শিকড়,1
বস্তিতে,1
ভেজাচ্ছে।,1
চাল,,1
চর,1
জমা,1
গরম,1
ভংছে,1
গুছাচ্ছে।,1
সাইকেল,,1
হেনফোন,1
চাপে,1
আশপাশে,1
উচ্চপদস্থ,1
কর্মকর্তা।,1
শশিশুকে,1
দরজাই,1
কবুতারের,1
প্লেন।,1
পাত্রের,1
মানুষগুলোর,1
চোখ।,1
কুবতরকে,1
বৃদ্ধা।,1
পেড়ে,1
গাইছে,,1
দোতলার,1
আসবাবপত্র,1
তৈরে,1
কাপুড়ে,1
ওজু,1
আক্সু,1
লতা,1
অন্ন,1
ডাল।,1
সমাবেত,1
চেলেমেয়ে।,1
প্রধানমন্ত্রী,1
মাস,1
তেদের,1
ফেরী,1
স্লেটে,1
লিকছে,1
জিনিসের,1
দুতটি,1
পুড়,1
অংশ।,1
রাইফেল,1
দকানে,1
মঞ্ছচে,1
ব্যানার।,1
মহিলাটির,1
পুড়া।,1
আর্মিরা,1
মরটার,1
মহিলাধ,1
খড়ির,1
দাঁড়িপাল্লায়,1
মাতিতে,1
লাসের,1
বাইসাইকেলে,1
হাস্পাতালের,1
বিছানাই,1
গাছছের,1
বাছুরকে,1
ডুগিতবলার,1
অ২,1
উদযাপন,1
আনান্দ,1
স্তূপ।,1
রড।,1
উপর,,1
সাইকেলর,1
প্রশিক্ষণ,1
জগ।,1
আজন,1
হরিন।,1
ব্রিদ্ধাকে,1
ছাড়ছে।,1
ট্র্যাকের,1
সড়ক,1
ঠাকুর,1
গাছতলায়,1
ছিরে,1
ছুড়া,1
কফিনের,1
পেছনে।,1
ছাঁদের,1
বাধানো,1
ডেখচে।,1
বেলুনে,1
চরাটে,1
১৬,1
ঝুলাচ্ছে।,1
পালার,1
পুঁতছে।,1
সিলাই,1
জেনিস,1
দুয়াচ্ছে,1
আর্মি,,1
আচে।,1
ছাত্রি,1
আনসারা,1
খলয়ার,1
মুস্তাফিজের,1
সাতারের,1
চায়ারে,1
বাঁকিয়ে,1
রিস্কা।,1
কোলে।,1
আদালতে,1
শালিস,1
কয়কজন,1
গার্মেন্টসে,1
ছেলেপেলে।,1
ক্রেনে,1
ক্রেনের,1
দড়িতে,1
দারিবদ্ধভাবে,1
পালের,1
বোঝার,1
ট্যাঙ্ক।,1
বয়,1
সমদ্র,1
সমাগম।,1
সমসসা,1
যাওায়া,1
খুয়া,1
মাশরুম,1
জিমে,1
কাউনটারের,1
ঠোটে,1
লিপিস্তিক,1
উঠার,1
ট্রফির,1
গল,1
সরিসষা,1
গসল,1
পেসার,1
মাপছে।,1
ব্রিজ।,1
সুকাচ্ছে।,1
শাকের,1
আসছে।।,1
পাশাপাশী,1
খাওয়াচ্ছে,1
বাল্য,1
বন্ধের,1
ডালছে,1
তাঁবুর,1
সবাতে,1
শিখাচ্ছে,1
সামনে,,1
টিউওয়েল,1
ত,1
আরেকটির,1
লা,1
মঝখানে,1
খন্তি,1
স্পষ্ট,1
এয়ার,1
উদ্ভুদন,1
সার্টিফিকেট।,1
অফিসার,1
পাঞ্জাবী।,1
জলাশয়এ,1
টমেটো,1
আবঙ্গা,1
বালিকাকে,1
কাঁপ,1
একজনকে।,1
রিলিফ,1
পার্ক,1
সন্তান,,1
ঝলসানো।,1
এসিড,1
পুরা,1
সিথিতে,1
দাড়িয়ে,,1
কেম্পাইন,1
শ্রেণী,1
লাইব্রেরির,1
সিক্ষিকা,1
আদা,1
মেয়েদের,1
পুতুলের,1
২টি,1
আছেও,1
এবংচুলে,1
বুঝাচ্ছে,1
ছত্রি,1
প্যারেডে,1
জ্বালিয়েছে।,1
পারি,1
ঢালা,1
প্রেস্ক্রিপ্তিওন,1
পণ্য,1
প্যাক,1
পুতুল।,1
আবন,1
কটি,1
নারীপুরুষ,1
লাগিয়েছে।,1
হায়ে,1
মান্সু,1
গুলাপ,1
ছে,1
তাতে।,1
নাটকের,1
রেলিফ,1
সন্ধ্যা,1
এবংমহিলা,1
বলতেসে,1
ডেলে,1
ড্রাম।,1
মহিলা১,1
নিয়,1
জন্ন,1
দেখ,1
শান্তনা,1
আকশে,1
ধিরত,1
রেলিফের,1
বক্স।,1
খুঁড়া,1
বাহুতে,1
জাদু,1
কচ্ছপকে,1
পুরু,1
দুজনেই,1
ছছেলেকে,1
উকিল,1
পতকা,1
রক্ত,1
শিক্ষকরা,1
মেহিলা,1
পুষ্টির,1
গুড়িয়ে,1
হার্ড,1
ফেরার,1
পথে।,1
বোল।,1
খাটের,1
আদাকাচা,1
ভাল,1
এরে,1
সুখাচ্ছে।,1
শ্লোগান,1
প্রবেশ,1
কল।,1
লেহেঙ্গা,1
পানাচ্ছে।,1
দুহাচ্ছে,1
পাহে,1
সেজেগুজে।,1
লাইফ,1
তুরা,1
সুঞ্চে,1
ক্রিকেটার,1
লেখাচ্ছে।,1
সিখাচ্ছে।,1
মানু,1
কার।,1
মারায়ের,1
সরবত,1
অভিনন্দন,1
ঝুলান,1
বেথা,1
পাওয়া,1
এপ্রন,1
উজন,1
গেঞ্জিজ,1
ফুতপথে,1
বিপুল,1
হোমিওপেথি,1
ফেলতেসে।,1
মেরিনার,1
পরতেসে।,1
যাদেরকে,1
বুজাচ্ছে,1
কোম্পানিতে,1
সারিজ,1
আশ্রয়,1
রেব,1
তিনি,1
মোরে,1
স্পট,1
গুদামঘরে,1
সেতার,1
বিস্কুত,1
হিজাব।,1
কামেরা,1
মুরে,1
টিউমার।,1
ম্যাজিকের,1
আকৃষ্ট,1
শেউলাযুক্ত,1
তিঞ্জনপ,1
চর্চা,1
একইভাবে,1
আরি,1
গমগাছ,1
মালবাহী,1
বস্তি,1
কুছু,1
লেকচার,1
৩তি,1
স্যানিটারি,1
সৌর,1
বিদ্ধুত,1
অসংখ্য,1
জনই,1
কেনাকাটা,1
সাক্ষর,1
দিন,1
মুজুর,1
কিছুর,1
অপেক্ষায়।,1
সানে,1
গেঞ্জ,1
রিলিফের,1
লিখাচ্ছে।,1
পুরস্কার,1
পুতে,1
কষ্ট,1
আবনফ,1
এলাকার,1
ছুটির,1
চালায়,1
পেনেল,1
খাটে,1
শিল্পকর্ম,1
গোরুর,1
চাষা,1
একচোখ,1
চারপাসে,1
ডাটা,1
ঢাল,1
ছাত্রীকে,1
বেয়ারা,1
ছোতমেয়ে,1
রাতা,1
ডিভাইস,1
বিলিয়ে,1
সাজছে,1
প্রোজেক্ট,1
বুজাছে,1
স্টুডেন্টদের।,1
আছে৭,1
ফুলাচ্ছে,1
পাঞ্জবি,1
সেও,1
ভিরের,1
শস্যের,1
অরেধেক,1
বেশি,1
পর্যবেক্ষণ,1
ভারি,1
পাটাতন,1
ইলেক্ট্রনিক,1
যন্ত্রে,1
পুলিশকে,1
পিছেন,1
ভাজছে,1
বিহীন,1
থলে,1
ঘুম,1
ট্যাটু।,1
দাড়ে,1
বাচ্চাহ,1
বাড়িতে,1
পথচারী,1
তাহাকা,1
পদা,1
অনেক্মগুল,1
দোয়া,1
গিফট,1
সান্তনা,1
পুড়স,1
নেতৃত্ব,1
সেলায়ের,1
বেলাটি,1
গুছাচ্ছে,1
ডিবি,1
বিশিষ্ট,1
মাংকি,1
জির,1
চুলোতে,1
বেগুলের,1
চপ,1
জ্বালানতে,1
থামানোর,1
ভাতের,1
গুল,1
তোশকের,1
গাছগাছালিপূর্ণ,1
প্রশিক্ষন,1
বৃত্ত,1
বানিয়েচে,1
চোরার,1
ময়ূর,1
ছেলেমেয়েকে,1
খরে,1
শিশুরা,1
পুরুস্কারের,1
মুথি,1
রোগীর,1
ঢেকেছে।,1
ভিটের,1
অএঙ্কগুল,1
মসাল,1
প্রটেকতর,1
বলতেছে।,1
ঝাঁকাগুলোর,1
জলাশয়য়ে,1
তারকাতা,1
ছাপাখানায়,1
ঝলসানো,1
মেথু,1
স্পরত,1
বাচাকে,1
পরিচরছা,1
জোরে,1
চিৎকার,1
সাইকেলটা,1
দাড়িগোঁফ,,1
মাঝেরে,1
জ্যাকেট।,1
ততিনজন,1
শিল্পীর,1
চুরি,,1
চতুর্দিকে,1
নৌকাটিকে,1
মাঝখনের,1
শার্ট,সানগ্লাস,1
অপরজনের,1
লাল,,1
সবুজ,,1
হলুদ,,1
চারদিকের,1
পোশাকের,1
ক্রেতা-,1
স্যান্ডেল,1
মুখ,,1
কালো-গোলাপি,1
ধূসর-লাল,1
হলুদ-,1
ওভারব্রিজের,1
গলাগুলির,1
রিউনিওন,1
ফেস্টিভ্যালে,1
ধর্ম্যালম্বী,1
ধর্মীয়,1
জলে,1
স্নান,1
প্রাইভেট,1
উইলচেয়ারে,1
দুর্নীতি,1
বিরোধী,1
পুরুষগুলো,1
লাল-,1
ফেলেছে।,1
বিশ্ব,1
দিবস,1
নর্থ,1
ফটোগ্রাফিক,1
সোসাইটির,1
ক্ষেতকে,1
পোকামাকড়,1
স্পেরে,1
,আর,1
নিরীক্ষা,1
পাগলা,1
ঝাড়ছে,1
ভাষার,1
বাংলার,1
সাইলে,1
নৃত্যশিল্পী,1
কাঠুরে,1
কুঠার,1
হাঁসেরপালকে,1
ঢালাই,1
সরঞ্জামাদি,1
ছেলেটার,1
লাল-গোলাপি,1
ঠোটের,1
ভোদর,1
মে,1
আয়োজন,1
টোপ,1
পাতিলাটাতে,1
পাচটা,1
প্রতিফলিত,1
দান্দিকে,1
বপন,1
সাদা-,1
মেকানিকের,1
সাদা-নঈল,1
তাঁকে,1
দখা,1
ফেয়ারওয়েল,1
লাল-কালো-সাদা,1
সংগ্রাম,1
গানবাজনা,1
ঘাস,,1
সেজে,,1
আচ্ছে।,1
পাছজন,1
সদস্য,,1
সংবাদ,1
সম্মেলন,1
বিজ্ঞান,1
আনদোলন,1
পক্ষ,1
-,1
শিক্ষার্থীরা,1
সন্তানের,1
একটার,1
স্পাইডার,1
ম্যান,1
সম্পূর্ণ,1
হাসিমুখ,1
গ্রাম্য,1
হাড়িও,1
কুলাতে,1
সেট,1
চড়,1
লাল-হলুদ-সবুজ-কালো,1
পালটিয়ে,1
ষ্টীমার,1
বামদিকের,1
সামান্য,1
উকি,,1
ঘেরে,1
কৃষক,,1
লাল-পাঞ্জাবি,1
বৃষষ্টিতে,1
জমেছে,,1
কজের,1
কালির,1
দাগ,,1
লাগে,1
তবলা,,1
সমারোহ,1
গাদাগাদি,1
গোলাগুলির,1
মিছিলের,1
এদিক,1
ওদিক,1
ব্যাকগ্রাউন্ডে,1
মিনা,1
সিধুর,,1
পূজার,1
দেয়ে,1
পাত্রতে,1
প্রতিযোগী,1
সকলে,1
এঁকে,,1
পোজে,1
,বনের,1
কাকাতুয়া,1
অ,,1
আ,1
পড়েদাঁড়িয়ে,1
শিক্ষক,,1
সাধনা,1
ঔষুধালয়,1
রিকশা,,1
সদস্যের,1
হারভেস্টের,1
হলুদ-সাদা,1
ছেলে-বুড়ো,1
অনুষ্ঠান,1
স্টেজ,1
সংখ্যাক,1
মহান,1
সভায়,1
ব্যাক্তি,1
প্রাইভেটকারের,1
পাড়াপার,1
ফেব্রুইয়ারিতে,1
বুড়ো,,1
বহুসংখ্যাক,1
জ্বালানি,1
আলাদা,1
চারজনের,1
প্রখ্যাত,1
জেমস,1
কুজো,1
চোখ,,1
এলোমেলো,,1
মুখটা,1
ফেকাশে,1
পিছনদিক,1
ধরেই,1
রেললাইনে,1
মহিষকে,1
করাচ্ছে,1
সাদা-ধূসর,1
বিপরীতে,1
উৎসবের,1
তবলার,,1
কৃষি,1
উদ্যোক্তা,1
কৃষকদের,1
খাচিতে,1
রাষ্ট্র,1
চাই,1
হাফহাতা,1
বইগুলোর,1
প্রহরে,1
ঝলমল,1
মেয়েটাকে,1
শাল,1
জরাজীর্ণ,1
লালসালু,1
কড়া,1
ত্রিশুল,1
কালারের,1
ঢেঁকি,1
রাখা,,1
ওয়েস্টার্ন,1
ইউনিয়ন,1
ট্রান্সফার,1
নববর্ষে,1
ইস্ট,1
ডেল্টা,1
ইউনিভার্সিটির,1
শিক্ষক-শিক্ষাথীরা,1
একলা,1
নাপিত,1
কাতছে।,1
সংযোগ,1
স্লোগান,1
সংস্কৃতি,1
কয়েককজন,1
পরিবেশনা,1
বইগুলোতে,1
কামড়,1
ডিল,1
ছুড়ছে,,1
পেয়ে,1
বৈস্টমি,1
বৈরাগী,1
নীম,1
অংশগ্রহন,1
মানুষদের,1
লংমার্চ,1
পূজা,1
মন্ডবের,1
ট্রের,1
কতোগুলি,1
হাচ্ছে।,1
শুকাচ্ছে,,1
ছড়াচ্ছে।,1
মানুষগুলোও,1
কোনোটাতে,1
নদিয়ে,1
বাঘটাকে,1
গাছগাছালির,1
প্যান্টের,1
নারী-পুরুষ,1
পাম্প,1
সেচের,1
বেশকিছু,1
শিক্ষক-শিক্ষার্থী,1
নিয়ে,,1
খয়েরি,1
বিভাগের,1
সাইনবোর্ডের,1
করেছেন,1
নবান্ন,1
আরেক্তা,1
পাঞ্জাবি-পায়জামা,,1
বজ্রপাতের,1
করণীয়,1
বিষয়,1
কনফেকশনারীর,1
টিভিতে,1
শরীরচর্চা,1
কেন্দ্রে,1
বিষয়ে,1
হবে,1
ফানুশে,1
ফানুশ,1
টিশারত,প্যান্ত,1
মুসলিম,1
যানজটের,1
প্রকৃতির,1
অবলোকন,1
কালারিং,1
পুরটাই,1
জলজল,1
নিয়েছে,1
অতিথির,1
আসনে।,1
বেগুনি,1
ফুসফুস,,1
আসুন,1
করি,,1
ফু,1
চিত্রা,1
নচে,1
খতো,1
ক্ষত,1
জড়িয়ে,,1
শারত,লুঙ্গি,1
জতিতে,1
একেকভাবে,1
মাজখানে,1
-লাল,1
লাইটিং,1
করা,তার,1
ছারাচ্ছে।,1
ডেস্কের,1
দেখছে,কেউ,1
আছে,কেউবা,1
মিলিয়ে,1
কিশোর,,1
খেরের,1
দিকেই,1
টিয়ার,1
ঘাটছে,1
স্তূপরে,1
বাড়ছে।,1
শাড়ি,গলায়,1
গহনা,হাতে,1
ব্যাগ,,1
বউয়ের,1
সেজেছে,1
অজগর,1
কলশিতে,1
কলশি,1
অন্যপাশে,1
শলার,1
ইয়ারফোন,1
বাবা-মার,1
বেগুনী-সাদা,1
পট,1
ফোটাচ্ছে।,1
হেতে,1
রেকেট,1
বৈঠকে,1
,মেয়ে,1
গুলতি,1
বার্ডস,1
ক্লাব,1
বগুড়া,1
লোকটাকে,1
বাটিটাতে,1
পোনা,1
ঝালমুড়িওয়ালার,1
কিনেছে।,1
উদ্ভোধনী,1
বেরিয়ে,1
স্ত্রী,1
পড়নে,,1
রোদেলা,1
ঘুঙুর,1
ফ্লাস্ক,1
বৃদ্ধ,,1
সীটে,1
ফেলা,1
ইয়োগা,1
ছেলে-মেয়ে,,1
চেকের,1
ল্যাম্প,1
নৌবাহিনী,1
দজিজন,1
গারে,1
ফ্যাকাশে,1
দোকানপাঠ,1
সাদ,1
দাড়িওয়লা,1
লোকটির,1
পাখার,1
ধূসর-সবুজ,1
পুলিশের,1
মারছে,,1
এদিক-সেদিক,1
ঢিল,1
বোল,,1
কলশি,,1
পাতিলা,1
সাদা-সবুজ,1
রংবেরঙের,1
প্রত্যেকের,1
অপথ,1
সনদপত্র,1
,কপালে,1
বেড়িবাঁধ,1
সমুদ্রতে,1
হাতিটাকে,1
সাদা-নীল,1
পাতিলার,1
বেরিকেট,1
ব্যারিকেডের,1
পরেছে,,1
তারকা,1
ব্যক্তিত্ব,1
লেজার,1
কামাচ্ছে।,1
ফেয়ার,1
ওয়েল,1
বনরক্ষক,1
পারাপার,1
ছালিয়ে,1
ঘেঁষে,1
হারমোনিয়াম,,1
লাল-সবুজ-হলুদ,1
গয়না,,1
অনেকগুলি,1
ছেলে-,1
দেকছে।,1
হলুদ-কমলা,1
সামানের,1
লাশ,1
গার্ডের,1
গাউন,1
হাটু,1
দোতারা,1
জাত্রা,1
যায়গায়,1
কালচারাল,1
ফেস্ট,1
মৌয়ালের,1
মধুর,1
চাকে,1
পোড়াচ্ছে,1
সেটার,1
রশের,1
কাদার,1
ঢুলি,1
গাচ্ছের,1
পায়জামা,টুপি,1
প্রত্যেকে,1
বেলে,1
সূর্যকে,1
সরা,1
রক্ষার,1
মহাসমাবেশে,1
বহু,1
ডোকানের,1
-পা,1
ছাড়াছে।,1
প্রতিরক্ষা,1
বাহিনীর,1
তিন-চারজন,1
বস,,1
চাইছে।,1
তজবি,1
ইসলামী,1
বিশবিদ্যালয়ের,1
উদ্ভোদন,1
মেকানিক,1
সেচে,1
পাম্পের,1
ছেলেগুলো,1
শ্যালর,1
বয়স,,1
জাত,1
ধর্মের,1
কুকুরগুলোকে,1
রেইনকোট,1
ভেঙ্গানোর,1
ভেংচি,1
হেজাব,,1
খুব,1
নিীল,1
আছা,1
থকে,1
আনেকগুলো,1
ধাপরই,1
লাইব্রেরিতে,1
লাইব্রিতে,1
ডুকাচ্ছে,1
গাড়িওয়ালা,1
নিবেদন,1
আছ।,1
ধুয়ে,1
পরনের,1
ঘোড়াটা,1
গাধার,1
মুছে,1
সাদা-কালো,1
বেধেছে,1
এঁকেছে।,1
চামরা,1
ছড়ানো,1
ভুট্টার,1
শুটকির,1
ঝুলিয়েছে।,1
আন্ধ,বৃদ্ধ,1
সারিন্দা,1
ফুলানোর,1
এইপাশে,1
আকাশ,গাছের,1
কাল-লাল,1
জ্যোৎস্নার,1
কমলা-সোনালি,1
নানন,1
পেঁচিয়ে,,1
সাপের,1
কমলা-কালো,1
তুলছে,,1
নাক,1
কালো-হলুদ-নীল,1
ঠোঁটের,1
ডালেএকে,1
মুখমুখি,1
বিদেশী,1
বায়স্কোপ,1
শ্রেণীর,1
উড়তে,1
চিতা,1
গেলারিতে,1
পানঞ্জাবি,1
ব্যন্ট,1
বওয়াচ্ছে।,1
সেলফের,1
বয়াতি,1
শিশ্য,1
জমিয়ে,1
বিতরনী,1
ঝাপাঝাপি,1
কাটাকাটি,1
করেছেন।,1
কালো-লাল,1
মথা,1
চলছে,,1
ফ্যাশান,1
করলার,1
বানরের।,1
আনন্দের,1
বিকেলর,1
ব্যানডেল,1
সংখ্যক,1
টায়,1
ফেরানো,1
স্লোগানের,1
বসবাস,1
কাচ্চা,1
কট্যাক্স,1
বিদেশি।,1
বিকেল,1
পটকা,1
জাঙ্গলে,1
দৌড়ান,1
দিচ্চেহ,1
চেরে,1
ভিজছে,1
কাগজে।,1
দেয়ালিকার,1
পাশশাপাশি,1
ফুতুয়া,1
চূড়ায়,1
জাহাজের।,1
বেল,1
বলতেসে।,1
জুতা।,1
হোটেল,1
সন্ন্যাসী,1
একসসাথে,1
বেস্ত।,1
আলোছায়ার,1
তাক্লু,1
আমড়া।,1
সূর্য।,1
পথের,1
প্রান্ত,1
মুক্তি,1
যুদ্ধা,1
রাজাকার,1
পাথিতে।,1
শপথ,1
তিরের,1
মগডালে,1
বাঙ্গার,1
ফিয়ে,1
ঝরা,1
জজায়গায়,1
ভিরচে,1
হায়ায়,1
শাবক,1
নামার,1
কেয়া,1
যাত্রী।,1
ফ্লাক্স।,1
আইডি,1
ব্যাটারি,1
পার্ট,1
খামারে,1
লল্যপপ,1
লতাপাতা,1
গাঙ্করচে,1
জোয়াল।,1
কাটি,1
কয়াশাচ্ছন্ন,1
ফুলকপির,1
প্যানেলে,1
মারামারির,1
পস্তুতি,1
দৌররাচ্চে।,1
বোজাচ্ছে,1
পানাযুক্ত,1
ভর্তা,,1
ভাজি,1
সানকির,1
বর্তা,1
ফুটো,1
রুখো।,1
উত্থলন,1
কামড়ের,1
অন্ধরে,1
গেঙ্কি,1
রমে,1
রমের,1
মেনু।,1
গ্যালারীতে।,1
কোকের,1
টবে।,1
ব্যাংক,1
লেক।,1
চাতালে।,1
পোলের,1
নিরব,1
তুড়া।,1
ধরাচ্ছে,1
চানাচুরের,1
রসের,1
ফ্রেঞ্চ,1
ফাই,1
বাহ,1
উড়াচ্চে,1
টালের,1
গাঁদাফুলের,1
যাহাতে,1
দরিতে,1
ফোন।,1
কলেজের,1
জাতের,1
ল্যাপটপ।,1
সন,1
বৈসাখি,1
প্রতীক,1
মূলের,1
২জনের,1
সুকাচ্চে,1
অপরের।,1
চাকাতে,1
ঠেকাচ্ছে,1
গামের,1
বিলবার্ডের,1
যুক্ত,1
রেক্ষে,1
পুজা,1
সেলফির,1
স্ত্রিক,1
বেধের,1
বিন,1
শস্য,1
১৪,1
ফিতা।,1
আইলেনারের,1
পাটকাঠির,1
জমিনে,1
মাহে,1
হেথে,1
ঘর্ষণ,1
পাখা।,1
ধুলার,1
রেস্টটুরেন্ত,1
চুষছে,1
পাপুসের,1
পাপুস,1
ফুলাচ্চে,1
কয়ুয়াশা,1
ঝার।,1
আরকজন,1
সময়ে,1
জেলে,,1
হাটার,1
জারমাঝে,1
যাহা,1
তার।,1
গাংচিলের,1
গাছপাল।,1
ছিঁড়ছে।,1
ছাত্র।,1
চারাগাছের,1
ভিড়ে,1
জঝুপ,1
বাবলের,1
মুখুস,1
পর্যটক,1
মাছে,1
ছিটাছিটি,1
সুরে,1
জঙ্গলার,1
হালের,1
জাচ্চেলুঙ্গি,1
বাবা।,1
নিচু।,1
মহিলার।,1
লাতিম,1
জমিতে।,1
উঠাচ্চে,1
মাথায়।,1
লর,1
মিক্সিং,1
কনা,1
পিলারে,1
বৃত্তের,1
সাধকের,1
মালা।,1
পুঙ্গি,1
মাফলার।,1
শুকাচ্চে,1
লবনের,1
তাবলীগের,1
পেটে।,1
প্রগ্রামে,1
ভারন,1
টক,1
চার্জ,1
টিপ।,1
বার্থডে,1
ফাকে।,1
বোনকে,1
রেস্তুরেন্টে,1
মৌসুমের,1
ব্যাসের,1
জামায়,1
উখ,1
সবাকক্ষে,1
খুপা,1
শেওলার,1
তুড়া,1
কুত্তার,1
হাতা,1
খাউয়াচ্ছে।,1
ক্রিস্তান,1
গাংচিল,1
বেশিরভাব,1
কোটেজে।,1
কেইকে,1
ডকুমেন্ট,1
ছছেলেমেয়ে,1
জংগলে,1
চি,1
জিন,1
বস,1
জংলার,1
উরাচ্চে।,1
হুজুর।,1
মোবাইল।,1
চাঁদর,1
রান্নার,1
জন্মদিন,1
চাদর।,1
পুরু।,1
পুরুষষের,1
আর্মি।,1
কপির,1
শিক্ষাচ্ছে।,1
নৌকার।,1
মার্কেটের,1
ষ্টেজে,1
পরাকা,1
দেয়ালিকা।,1
পাছনে,1
কাঁদাপূর্ণ,1
অপকে,1
ভাজাপুরা,1
ভাজছে।,1
মিনেরর,1
কারুকাজ,1
আসেপাশে,1
আনদলন,1
আনন্দে,1
একইটি,1
জাল্মুরি,1
পাউডার,1
মুচির,1
ক্যাম্পাস,1
প্র্রসারিত,1
ডুবার,1
এহতে,1
স্তাম,1
ছাড়াচ্ছে,1
এরেকজনের,1
পাখনা,1
ভদ্রলোক।,1
গাজর,1
নাচছেন।,1
কয়াশায়,1
আধার,1
ঝগড়া,1
খাচ্চেন,1
জিজ্ঞাসা,1
ঘুরাচ্চেন,1
টট্রেন,1
বাহিরে।,1
কাটেন।,1
পানিযুক্তি,1
উঠানামা,1
আড়তে,1
ঘুরাচ্চে।,1
ভেঙাচ্ছে,1
অজন,1
রিক্সাওয়ালার,1
উরাচ্চেন,1
লাকড়ী,1
ফুতপাতে,1
ফ্রেমের,1
গড়ায়,1
দোলাতে,1
ফুলগুলো,1
মিটার,1
ধানমন্ডির,1
হাউআই,1
ফকনা,1
কাল-সাদা,1
দোয়েল,1
ভাংতি,1
মানচিত্র,1
হামাগুড়ি,1
কুড়াচ্ছে,1
চুলগুলো,1
কুকড়ানো,1
সরিসা,1
পোষ্টার,1
ছেলেও,1
সিকিউরিটি,1
শোরুমের,1
একপাড়,1
কুটি,1
খেলেছে।,1
বাঙ্গী,1
পড়ে।,1
হলির,1
টেরাক,1
হাড়ী,1
কুলায়,1
রোদ,1
মাদ্ররাসার,1
টুকরি,1
উরছে।,1
ডুকছে।,1
ঢল,1
শহীদদের,1
মাকড়সা,1
মাকর্সা।,1
গেঞ্জিতে,1
এখান,1
মন্ত্রী,1
পত্রিকা।,1
দৃশ্য।,1
পালাচ্ছে।,1
কুয়াসার,1
সাঁকোতে,1
রটি,1
সে্টেজে,1
দাড়ীয়ে,1
টানানো।,1
বন্ধুরা,1
লাফাচ্ছে।,1
দরদাম,1
আটটা,1
টাঙ্গিয়ে,1
বলের,1
গুলোকে,1
চট্টগ্রাম।,1
তারকাটায়,1
এরোপ্লেন,1
বর্ডারে,1
রোক,1
চানাচুর,1
ভাজা।,1
হাটি,1
কাদের,1
দাত,1
শরীলে,1
ক্যামেরাম্যান,1
হাড়িতে,1
দাড়েয়ে,1
থাল,1
দুইতেছে।,1
লালবাগ,1
কেল্লায়,1
কোট,1
কসাইরা,1
কাটতেছে।,1
অভিনেতা,1
তৌকির,1
আহম্মেদ,1
বিপাশা,1
হায়াত।,1
বেরার,1
ফ্রেবুয়ারীতে,1
রবাটের,1
একুশে।,1
রোধের,1
কারণে,1
আসতেছে।,1
মহিলারারা,1
ক্ষেড়,1
লারছে।,1
বালা,1
বিপাশাহায়াতের,1
উদ্ভিদ,1
ফিল্ম,1
প্রজেক্টে,1
উঠেছে,1
মাটি।,1
চলেছে।,1
তালের,1
চুপি,1
গৃহীন,1
প্লেন,1
ভরপুর।,1
উদ্বোধন,1
স্টাফরা।,1
ঝরনা,1
ঝরছে,1
পিছেনে,1
ষরিসার,1
গোলায়,1
বাচ্ছা,1
কেয়েকজন,1
ভাঙ্গছে।,1
তুলতে,1
ইঞ্জিনিয়ার,1
রংতুলির,1
সাজান,1
সু,1
বর্ড,1
সন্ধ্যারবেলা,1
সময়।,1
সিরি,1
আবাদ,1
মমতাজ,1
স্বামী,1
দূরের,1
হোন্ডা,1
সাট,1
সিগ্নেচার,1
মেঠো,1
ঝাঁকার,1
টুকরিতে,1
গুরো।,1
বাচ্ছাকে,1
লেখি,1
চমমা,1
জলন্ত,1
মাজারে,1
ঘাসফুলে,1
সাদাকালো,1
চালিত,1
সন্তান,1
চিলে,1
ঢেউ।,1
ট্রাঙ্ক,1
ভিটায়,1
ছড়ান,1
সোজা,1
বাশ।,1
খানা,1
তাকাচ্ছে।,1
সুর্য্য,1
সাতে,1
একজনে,1
সরষার,1
জ্বলন্ত,1
কক্সবাজারের,1
নারে,1
অসহায়ের,1
সেলুট,1
সব্জির,1
ভাংছে।,1
সবাইকে,1
বাবাকে,1
তবলা।,1
তুলির,1
খেরে,1
ফড়িং,1
ফরিং,1
মুর্তির,1
শঙ্খ,1
লালটিপ,1
একলোক,1
এসেছে।,1
ক্ষের,1
বনে,1
দেয়াছে,1
প্যাটার্ন,1
লাগাচেছ,1
বৈখাকে,1
যাত্রা,1
ব্ই,1
অপারেশান,1
রোগীকে,1
অপারেশন,1
স্তম্ভের,1
লাড়কি,1
সিগারেট।,1
কয়েকট,1
কচুরিপানা।,1
পাপড়ি,1
খোলায়,1
বনে।,1
ডুকিয়ে,1
ডিগবাজি,1
কাটতে,1
ভেঙচি,1
কুড়াচ্ছে।,1
দাড়ানো,1
রাজা,1
বর্ডারের,1
টাঙ্গিয়ে।,1
একুশ,1
আবুল,1
ফজল।,1
দিনজন,1
শৃতি,1
স্রোতে,1
দেরকে,1
ফেব্রুয়ারী,1
পাথরে,1
লেখছে,1
পুরাচ্ছে।,1
ঘসা,1
বাবুর,1
সাটিফিকেট,1
নববষয়,1
1419,1
লে,1
খা।,1
ঝুলনায়,1
সূয্যের,1
বালতী,1
তিনজ,1
নিমকী,1
পোস্টা,1
মুড়ালি,1
তাকিয়েছে।,1
সূর্যমুখী,1
বাড়ি,,1
চলেছে,1
ঢাকার,1
লোকারে,1
ল্যাবটোপ,1
ঘোরায়,1
জলছে,1
খুশিতে,1
কমলাপুর,1
গুড়া,1
রাকছে,1
রোডে,1
টপ।,1
আসবাবপত্র।,1
লেগেছে।,1
ঘুড়ি।,1
চাপছে।,1
অনুষ্ঠানে।,1
ফেরা,1
ক্ষেত্তে,1
মোরক।,1
জেবরা,1
চুড়ি।,1
সমু্দ্র,1
কলাকুলি,1
উদ্ভোধন,1
লোকজনও,1
করছ।,1
শ্মাশান,1
মুক্তিযোদ্ধা,1
খাম্বায়,1
টাঙিয়ে,1
পোস্ট,1
গোসাইল,1
ফাড়ী,1
চিহ্ন।,1
নালা,1
আমাদের,1
বাংলাদেশ।,1
পুরীক্ষা,1
আলোকোজ্জ্বল,1
খের,1
তরকারি,1
মাংস।,1
ডাস্টবিন,1
চিঠি,1
পাঠানোর,1
বাক্সও,1
মাদ্ররাসা,1
ইসলামিয়া,1
আধারে,1
হলুদ।,1
অভিভাবক।,1
কুচুড়ী,1
মানুয়ের,1
উঠবে।,1
কুয়াশের,1
বীর,1
শ্রেষ্ঠ,1
সিপাহি,1
মোহাম্মদ,1
মোস্তফা,1
কামালের,1
নাম।,1
লেংড়া,1
মুদি,1
সদায়,1
মৌচাক,1
পাথরের।,1
একুরিয়ামে,1
ঝর্ণায়,1
স্টেডিয়াম,1
স্থান।,1
ক্রয়,1
কিনছে,1
বাবু।,1
বরফ,1
বরফ।,1
মন্দীর।,1
বিচ্ছুরণ,1
সকাল,1
নির্জন।,1
শহরের,1
কাপ।,1
তুলেছে,1
নানারকম,1
জিনিষপত্র।,1
পাওয়ার,1
কয়েন,1
পয়সা,1
রংপুরের,1
তোরণ।,1
টলমল,1
জলাশয়য়।,1
উঠিয়েছে।,1
প্রতিযোগিতা।,1
পিছনেও,1
কুমিড়।,1
স্ট্যামে,1
ড্যারাম,1
স্টলে।,1
মেরামতের,1
জাহাজে,1
চেয়েরে,1
কাদা।,1
স্থাপনা।,1
দুর,1
জিরো,1
পয়েন্টকে,1
মহিরা,1
টমাটোমের,1
পানে,1
রেলসেতু,1
পাড়ও,1
উপর।,1
কার্যালয়,1
ঝর্ণা।,1
দুরবিন,1
বিশ্ববিদ্যালয়,1
দাড়ানো।,1
বাইক।,1
উদয়,1
সাজগুজ,1
আইন,1
শৃঙ্খলা,1
বাহীনি,1
গাড়ের,1
বেন্ডিস,1
বেন্ডিস।,1
গ্যালারি।,1
মাটিতে।,1
রোধে,1
ধান।,1
ধুয়া,1
কচুরীপনা,1
ঘোড়া।,1
কমকর্তাকে,1
শুভেচ্ছা,1
উত্তোলন,1
মীর,1
বাড়।,1
খড়ের,1
জলাশয়য়,,1
খালও,1
কচুরিপনায়,1
নিজর্ন,1
মেঘে।,1
শহর।,1
শ্রদ্ধঞ্জলি,1
ভেড়া,1
বর্তা।,1
জড়,1
কৃষকরা,1
প্রবাহিত,1
গোড়ায়,1
মেলাতে,1
লোকনাথ,1
দীঘি,1
সুবজ,1
নদীত,1
পুরাতন।,1
স্থাপনা,1
নিত্যানন্দ,1
গানের,1
কালী,1
দোয়েল।,1
ট্রাকটর,1
পাতি,1
ঐ,1
ব্যাগে,1
বাতিতে,1
দুধ।,1
বাচচা,1
সৃতিসৌধ।,1
পরিমাপক,1
স্কেল।,1
মুক্ত,1
কয়েকরকম,1
রাজাদের,1
বিক্ষা,1
মাচা।,1
মাদ্রাসা,1
ছিড়ছে।,1
চরখি,1
সকালের,1
স্তিকার,1
স্টিকার,1
পান।,1
অটোগাড়ী,1
বারান্দা।,1
বিকাল,1
শাহী,1
সমজিদ।,1
পাড়ারের,1
বাছের,1
কৃষ্ণচুড়া,1
আশু,1
গঞ্জ,1
কচুরিপনায়।,1
উল্লাস,1
বাখর,1
খেলোয়ার,1
স্টেজের,1
হারমুনিয়াম,1
খেলনা্,1
বইঠা,1
বিদ্যুতের,1
বাতির,1
রঙ্গের,1
ছাদ।,1
ইন্ডিয়াতে,1
ডাস্টবিন।,1
ডাসবিন,1
প্রতাপ,1
কুটির।,1
বাকা।,1
ক্লাসে,1
ধনু,1
পুকুরও,1
ইঞ্জিন,1
মেশিন।,1
জন্ম,1
দিনের,1
পাহাড়র,1
তোরণ,1
কালভৈরব।,1
কমীসভায়,1
বাগর,1
আবর্জনা,1
স্তুপ।,1
ভবন,,1
আকাশ।,1
মেলার,1
দোলা।,1
কয়জন,1
রাজবাড়ীতে,1
ল্যাংরা,1
ফেরী।,1
স্তবক।,1
দেয়ার,1
ফটক।,1
ঢুকার,1
ঝণার,1
পাশেও,1
বিল্ডিংয়ের,1
অফিস।,1
জিনিষ,1
মালাই।,1
শিশি,1
ঔষধ।,1
পনা।,1
বাগনের,1
কাকরাইল,,1
ঢাকা্,1
স্তম্ভ।,1
স্টেশেন।,1
প্লান্ট।,1
রেললাইন,,1
সংরক্ষিত,1
পোস্টারে,1
আমার,1
ভাইয়ের,1
রক্তে,1
রাঙানো,1
ফেব্রুয়ারি,1
ভুলিতে,1
পারি।,1
গাড়ি,,1
বাশি।,1
সন্নাসী,1
বিশ্রাম,1
খেতে।,1
যাচ্চ্,1
খাল।,1
গ্রামে,1
ঝাঁটা,1
তেলে,1
পিয়াজু,1
খাওয়াতে,1
যাচ্চে।,1
হন্ডা,1
সাইনবোর্ড।,1
ব্রাক্ষনবাড়ীয়া,1
লেখা।,1
ব্ই।,1
খিরাই,1
ঝর্নাতে,1
মাজার।,1
মাজা,1
পলিতিনে,1
বিরিয়ানি,1
বিয়ের,1
কন্যা,1
কি.মি,1
খেলা।,1
গড়ছে।,1
বর্ষার,1
ডিশ,1
এন্টেনা।,1
ডিসের,1
পাম্প।,1
আনারশে,1
চাদ,1
মিষ্টান্ন,1
চামুচে,1
বুরিন্দা।,1
ছেলেদেরকে,1
কাঁকড়া,1
গুরো,1
ঘাসে,1
দরে,1
রং।,1
গ্র্রামের,1
গুছিয়ে,1
ঝাড়,1
উডতেছে।,1
মুর্তি,1
বানানো।,1
মেয়েরা।,1
মিশিল,1
জেলা,1
সূর্যে,1
ইসলামীক,1
সেন্টার,1
পুল,1
সুইমিন,1
পুল।,1
মাদ্রসা,1
গয়না,1
সবুজ।,1
অসুস্থ,1
বেডে,1
সিঙ্গারা,1
পুরী,1
সিংগারা।,1
মালি,1
সামুক,1
শুটানো,1
ছাউনিওয়ালা,1
রিসোট,1
কয়েকজ,1
অনুষ্ঠানের,1
স্টেজ।,1
সিড়ি।,1
অনেককিছু,1
খতস্তান,1
জিব্বা,1
হেতেহ,1
উঁচায়,1
লাকড়ি।,1
ভুতের,1
নৌকাকে,1
ড্রামে,1
গালাচ্চে।,1
ফিক্কে,1
ছিটানো,1
চেলেল,1
খুপে,1
খাপে,1
বরষার,1
উলতানি,1
টেস্ট,1
পরসাব,1
বন্ধক,1
খামার,1
সাল,1
শালুক,1
ভঙ্গিতে,1
টির,1
শিশুদের,1
পরি,1
অদ্ভধন,1
ধইয়ের,1
টবের,1
পাকাতে।,1
থেকিয়ে,1
ঘরগুলো,1
গুদামের,1
বাদ্যযন্ত্রের,1
বাঁধছেন।,1
তাওয়াল,1
রেখাচেন,1
পাতানোর,1
বাধের,1
ভিজান,1
চুমা,1
গোটা।,1
হানুমান,1
একগাছ,1
থাকা।,1
খুলছেন।,1
দেয়াল।,1
দুগা,1
ঢুকিয়ে,1
জুরা,1
এতে,1
আবঙ্গাবং,1
ভাঙ্গারির,1
নৌকাগুলোতে,1
ভেরা।,1
ফানা,1
পানখুড়ি,1
দারিয়,1
লঞ্চ,,1
লঞ্ছ।,1
কহাতে,1
নামচেন,1
রোল,1
সুকাচ্চেন।,1
তব্জি,1
বেছাকেনা,1
বাজারে।,1
ফাইল,1
জ্বালাচ্ছেন,1
ওভারব্রিজ।,1
লিখছেন।,1
বেঞ্ছি,1
ফিক্ষে,1
কাচ,1
বুঝাজ,1
চাদের,1
উরাচ্চে,1
পার্টিসনের,1
কাটির,1
ফুঁটা।,1
খুঁটিতে,1
সময়ে।,1
খেলাল,1
হ্যান্ড,1
লেন্স,1
লঞ্চটি,1
একজন্ন,1
আসেন,1
চায়,1
রেখেন।,1
ছাপর,1
তীরে।,1
দরজা।,1
বিমের,1
বেসে,1
কাহচে,1
একগুচ্ছ,1
উঠানামার,1
কম,1
ঘেসে।,1
চেন,1
নাড়ছেন।,1
ঘুমন্ত,1
ঝুপে,1
বাকরখানির,1
আঁকছেন।,1
চালুন,1
টিবি,1
নোঙ্গর,1
সুপারি,1
ঝুরি।,1
করেছন।,1
ধানের।,1
পানিত,1
আবং১,1
কারখানায়।,1
কারুকার্য,1
জললাশয়ের,1
ঘুমাচ্চেন।,1
মুক্তিযুদ্ধ,1
টিকে,1
তাক্যে,1
পত্র,1
আনন্দে।,1
আচার,1
জিবে,1
গামেস,1
খানায়,1
স্টেন,1
চুরির,1
কটেজ,1
ধূলা,1
উড়িয়ে।,1
স্তান,1
ফিরছেন।,1
কাএ,1
দোলার,1
উঠাচ্ছেন,1
টিপছেন,1
আগেই,1
দিয়েচেন।,1
ধুপের,1
মায়ে,1
মুঠি,1
নিচ্চেন,1
অপরকে।,1
চচালাচ্ছেন,1
কেরেন,1
হাতিকে,1
ইঞ্জিনের,1
শুকনায়।,1
রুটির,1
পরর্যটন,1
টাং,1
বলকে,1
কচেন,1
আসবাপত্রের,1
একপাল,1
চটপটির,1
উরাচ্চেন।,1
চিত,1
দাঁড়িয়েয়,1
দুর্গা,1
ছাই।,1
কামানের,1
ঘামে,1
কদম,1
বাচা,1
কদমফুল,1
টাং।,1
সুধু,1
দাঁতে,1
ভেছকি,1
তির,1
শপিং,1
আসাযাওয়া,1
ট্রান্সপোর্ট,1
আটটি,1
বাগে,1
প্নির,1
ফুতের,1
পানকুরি,1
মার্শালআর্ট,1
পিঞ্জিরা,1
ভিড়ানো।,1
ছায়,1
গেটে।,1
চাঁদ।,1
পালতা,1
আরেজনকে,1
মেলা।,1
বানান,1
ঢালছেন।,1
শুকনার,1
কোপাচ্ছে।,1
জমানোর,1
নামাচ্ছেন।,1
বেঞ্ছ,1
ঘরিয়ে,1
টার্মিনাল,1
চাপাতি,1
ব্রাশ।,1
তাড়া,1
আরেকজন।,1
নসির,1
বুঝা।,1
লোফ,1
খাওয়াচ্ছেন।,1
সুমুদ্র,1
নমির,1
ঘুরাগুরি,1
উঠছেন।,1
কাকের,1
অইপারে,1
বেড়াচ্ছেন।,1
হামি,1
কাপল।,1
মেঝের,1
মালামাল।,1
গাইতেছেন।,1
বাড়িয়ে।,1
নিবাচ্ছেন।,1
নউদিতে,1
ফেরির,1
চরকিতে,1
নাই,1
দকেহা,1
ছাড়াচ্ছেন।,1
মোমবাতিতে,1
আগার,1
ঘুরছেন।,1
লাইটইং,1
ড্রেনই,1
ভাজাপুরার,1
পাথার,1
ভাংচেন,1
করাচ্ছেন।,1
গলানোর,1
কাঁটার,1
চিপায়,1
দেখাচ্ছেন,1
দুধের,1
শালিক,1
ঘুরাঘুরি,1
সমান,1
ছাতাসহ,1
মেয়ের।,1
মোমবাতি।,1
ছড়িয়ে।,1
পেন্ডেলে।,1
চড়ুই,1
হনূমান,1
পাতের,1
ফুকলা,1
ছাড়াচ্ছেন,1
অডিটোরিয়াম,1
ভাটাতে,1
চালানোর,1
কর্মী।,1
ছিটিয়ে।,1
হাড়িপাতিল,1
আরেপাসে,1
সাগর।,1
জা,1
পাঁটি,1
বাগানে।,1
পাইপে,1
ভুজা,1
স্মৃতিসৌধের,1
জাতিয়,1
ফলক,1
পাশেরটিতে,1
চিকন,1
ভিড়িয়ে,1
ক্রস,1
মুরগীকে,1
সর্দি,1
এবংনিচে,1
কিনে,1
বিক্রেতাকে,1
জড়াজড়ি,1
বানাচ্ছেন,1
হাঁড়িপাতিলের,1
ছস্মার,1
রেস্টটুরেন্টে,1
হার,1
তাবিজ,1
লাটিতে,1
প্লেটের,1
আঙটির,1
মাচা,1
পচা,1
বাঁশ।,1
তিভি,1
ঝালায়,1
ভাংরির,1
বুটের,1
সোয়েটারের,1
কাস্তে,1
সুটকেস,1
খাতের,1
ঘুরান,1
ঘুরাচ্চেন।,1
দেবতা,1
কাঁচের,1
কপাল,1
কয়েকজিন,1
ক্রিস্টিয়ান,1
ডালপালা।,1
ফুটবলে,1
কিক,1
লটকন,1
পেরে,1
বালটিতে,1
সারছে।,1
বান্দেল।,1
বেড়াচ্ছেন,1
জিলের,1
কজন,1
অনেকগুলো।,1
উজানে,1
স্তেয়ার,1
ফ্লাক্স,1
বালতি।,1
খোসা,1
ঝাড়ছেন,1
পেথাচ্ছেন।,1
প্রচার,1
অভিযান,1
দুইহাতে,1
প্রতিবাদী,1
আনার,1
কী,1
নামাজে,1
নিজের,1
নিজে,1
ছেড়েছে।,1
প্রতিটি,1
ঘেরার,1
ছচেল,1
আঙ্গুলের,1
ভুজাচ্ছেন।,1
ফ্রেম।,1
২কজন,1
মুখোশ।,1
ছাত্রছাত্রী।,1
খেলোয়াড়ের,1
ছেলেটি,1
ছাদে।,1
ভেঙ্গাচ্ছে।,1
সর্দি।,1
এয়ে,1
আপ্সে,1
ছলাচ্ছেন।,1
কয়কেজন,1
বদলাচ্ছেন।,1
স্থল,1
প্লাটটফর্ম,1
ভাঙ্গা।,1
ধরেছেন।,1
মোর,1
তিভির,1
ঢালে,1
পা্লাটফর্মে,1
রিসিপ্সনের,1
নদ্র,1
দাগ।,1
মোরগ,1
যুদ্ধ,1
লারায়,1
বসানো,1
পিটিতে,1
শরবত,1
সর্বতের,1
পড়াচ্ছেন,1
তারদের,1
তাকানোর,1
বাবর,1
বিক্রাতা,1
গুনছেন।,1
ম্যাকআপ,1
জানা,1
শরিফ,1
দোকানপাট।,1
প্লাটফর্মের,1
ছুলা,1
চত্বরে,1
আনছেন।,1
লাটাই,1
মাঝেতে,1
ঘাটের,1
জযার,1
মিহিলা,1
জমাচ্ছেন।,1
মার,1
করতে।,1
ভূত,1
নাড়ছেন,1
ট্রাক।,1
ভরছেন।,1
কিছুউ,1
টাকা।,1
ফুটের,1
নামছেন।,1
ঢাকনা,1
কাঁঠি,1
উদ্ধার,1
বেসিনে,1
সারিয়ে,1
মার্কেট,1
২১,1
ফনা,1
ঠেলায়,1
দুপাশ,1
দারা,1
গাইছেন,1
টানিয়ে,1
ধরাচ্ছেন,1
স্তপে,1
ভাঙছেন।,1
হলু,1
ব্রাশ,1
কর্কশিট,1
দ্রাস্তবিনে,1
ধরজার,1
স্তামের,1
মেইন,1
হোলে,1
ভেঙ্গাছে।,1
পিটাচ্ছেন,1
বাড়িরতে,1
লিখার,1
পাজাবি,1
ভায়োলিন,1
বায়েলিং,1
কনক্রিট,1
চালছেন,1
মুছছেন।,1
বাজছেন,1
ক্যাশে,1
দুকানে,1
বাঁধায়ের,1
অন্যরাও,1
মেঘের,1
পাতে,1
ঝাঁকাগুলোতে,1
ভিটে,1
অনুস্ত্রানের,1
আলোকসজ্জা,1
বিয়ে,1
ক্রেতাবিক্রেতা।,1
ছাড়ছেন,1
গেইটের,1
ব্যান্ডেজ,1
পিছলা,1
সাদা-লাল,1
ছানাকে,1
থালাবাসন,1
কোঁকড়ানো,1
চুলওয়ালা,1
চত্বর,1
বিক্সা,1
বিক্রয়কেন্দ্রে,1
গেঞ্জি,লুঙ্গি,1
ঘাম,1
কাচি,আয়না,,1
চিরুনি,1
খবরেরে,1
চড়াচ্ছে,,1
আব্র,1
খাবার,,1
মিষ্টান্ন,,1
চুড়ির,1
বাজাগে,1
বসিয়েছে।,1
সাহারত,1
ভ্যানওয়ালা,1
চাদর,,1
চাবির,1
লুকিং,1
যাত্রীদের।,1
গোছা,1
রিকশারা,1
ভোরের,1
সূর্য,,1
লিখন,1
পরেীকজন,1
শারত,প্যান্ত,1
ধরে,,1
সশার্ট,,1
ঠোঁটে,1
গোঁড়ায়,1
খরির,1
ফিডার,1
সনুজ,1
খাঁড়া,1
সাদ-নীম,1
অপেক্ষা,1
একেকদিকে,1
চালন,1
ঝারবাতি,1
ইটভাটায়,1
চিপস,,1
আগুনে,1
যন্ত্রপাতি,1
সালু,1
রেলস্টেশনের,1
শারত,প্যান্ট,1
সাদ-লাল,1
দাড়,1
ননদীতে,1
দড়িলাফ,1
একজায়গায়,1
লাগিয়ে,,1
বলদ,1
ব্যাট,,1
একজনপুরুষ,1
বন্দী,1
মাখামাখি,1
মাকজি,1
দলুদ,1
কেতা,1
চছাদের,1
ফুতওভার,1
মুরগিল,1
মাখাচ্ছে।,1
এক্তজন,1
ময়াল,1
যত্ন,1
দুইতে,1
টাইলস,1
গাছপাল,1
রিক্সার‍্,1
ওষুধ,1
চুইঙ্গাম,1
মিশে,1
শশাড়ি,,1
গহনা,,1
পড়ার,1
ঝুরির,1
বারিয়ে,1
মলিন,1
কালো-সাদা,1
ঘেরের,1
মবাইলে,1
রঙবেরঙের,1
চরকা,1
লুকিয়ে,1
বস্তা,,1
ননিয়ে,1
গেঙ্গি,,1
বিজ্ঞপ্তির,1
নিচা,1
চালনি,1
ভেষজ,1
হাতুলি,,1
তারকাটা,1
পিটিয়ে,1
স্বর্ণ,1
কাঁটাতার,1
পাঁচটা,1
খাবারে,1
শুইয়ে,1
কড়াইতে,1
ছেঁচে,1
কাপের,1
মাঝিসহ,1
হুড,1
ফুলকি,1
রাখেছে।,1
কম্বলের,1
দড়ি,,1
গ্যালেন,,1
কেঁচি,1
বিল্ডিঙের,1
আলকাতরা,1
মিশাচ্ছে।,1
নিদির,1
মাছ,,1
টুকরা,,1
লবণ,,1
তারাচ্ছে।,1
শেকছে।,1
মারবেল,1
ব্রিং,1
খোপ,1
চালছে,1
কাচে,1
ফুচকার,1
ট্রেনলাইনের,1
বাচ্চাসহ,1
দেখেছে।,1
গাছপাল্র,1
অএঙ্ক,1
ভেয়ে,1
ডালার,1
ইলিশ,1
আত্র,1
বচ্চা,1
টিশার্ট,জিন্স,1
ঘাট,1
ভারজন,1
দিতা,1
দুয়ে,1
ইছনে,1
মেপে,1
অন্ধকারাছন্ন,1
কাঠবিড়ালি,1
পিড়াতে,1
আদা,,1
রসুন,,1
বেলছে।,1
দরজাল,1
উপ,1
তৈজসপত্র,1
মোম্বাতি,1
চাঁচ্ছে।,1
কলসিতে,1
গাছাপালার,1
লাফাচ্ছে,1
টাকে,1
শ্রীমঙ্গল,1
উড়া,1
তারে,1
দোলনা,1
মাটটিতে,1
কমলার,1
ছেনিতে,1
ডাই,1
ঝুরিলে,1
হাচ্ছে,1
দুলছে,1
ধুপ,1
ব্রিজে,1
লেন্সের,1
বালুতে,1
গাল,1
চুলকাচ্ছে।,1
হাই,1
অসে,1
আকাশি-সাদা,1
বাচ্চ,1
স্কেচ,1
চুলকাচ্ছে,1
ছুরে,1
কউএকজন,1
প্যাচা,1
ট্র্যাক্টর,1
বীজের,1
দাঁ,1
কঞ্চি,1
গন্ধ,1
সুংছে।,1
তালুতে,1
ক্যারাম,1
নমস্কার,1
নয়ে,1
অথৈ,1
বীচের,1
হাওয়াই,1
নিচু,1
দুপুর,1
মাস্ক,1
ছিরছে।,1
কোমোরে,1
পরআএকজন,1
উলটাচ্ছে,1
ব্যাটার,1
পুতুলে,1
আআছে,1
চাপাতার,1
সুজাস্তের,1
খ্রিষ্টান,1
কবরস্থানের,1
কালো-,1
বর্ণ,,1
বোলের,1
সমাহার,1
কাশবন,1
সোফার,1
গাছপালআর,1
ডাল-পাতার,1
গাস,1
তৈজসপত্রের,1
দারানো,1
ডালপালা,1
ছাউনির,1
রয়েল,1
টাইগার,1
গাছাপালআর,1
দাঁড়ঁড়িয়ে,1
ফ্লাস্ক,,1
গ্যালন,,1
মোড়ার,1
মোড়া,1
নাটাইল,1
ডালা,1
ছলা,1
নীল-আকাশি,1
হুঁকা,1
গাঁজা,1
সুর,1
-সবুজ,1
সৌধে,1
মঝি,1
পরতে,1
রেস্তোরার,1
খাওইয়া,1
দাওয়া,1
ওকজন,1
সাম্নে,1
হাপুর,1
বেল্টের,1
